"0",""
"0","# First select only the columns we want and store it as an object.  "
"0","mingo_rearranged <- select(mingo, Combined_Labeler_Name, REPORTER_NAME, BUYER_NAME, DOSAGE_UNIT)"
"0",""
"0","# Then sort our newly rearranged dataframe highest to lowest on dosage unit. "
"0","mingo_rearranged_sorted <- arrange(mingo_rearranged, desc(DOSAGE_UNIT))"
"0",""
"0","# Look at it. If you want to pop this out in the viewer, just uncomment next line. "
"0","# View(mingo_rearranged_sorted)"
"0",""
"0","# Print in console below"
"0","print(mingo_rearranged_sorted)"
