{"chunk_definitions":[{"chunk_id":"csetup_chunk","chunk_label":"setup","document_id":"E51B57A6","expansion_state":0,"options":{"engine":"r","include":false,"label":"setup"},"row":13,"row_count":1,"visible":true},{"chunk_id":"cz6y4iy0pzwjn","chunk_label":"unnamed-chunk-1","document_id":"E51B57A6","expansion_state":0,"options":{"engine":"r","label":"unnamed-chunk-2"},"row":81,"row_count":1,"visible":true},{"chunk_id":"c3ldv7x8zja6j","chunk_label":"unnamed-chunk-2","document_id":"E51B57A6","expansion_state":0,"options":{"engine":"r","label":"unnamed-chunk-3"},"row":97,"row_count":1,"visible":true},{"chunk_id":"caaklp5cha32p","chunk_label":"unnamed-chunk-5","document_id":"E51B57A6","expansion_state":0,"options":{"engine":"r","label":"unnamed-chunk-7"},"row":121,"row_count":1,"visible":true},{"chunk_id":"cd5de3ulf5v8f","chunk_label":"unnamed-chunk-7","document_id":"E51B57A6","expansion_state":0,"options":{"engine":"r","label":"unnamed-chunk-9"},"row":152,"row_count":1,"visible":true},{"chunk_id":"c00fmanbfeyvo","chunk_label":"unnamed-chunk-8","document_id":"E51B57A6","expansion_state":0,"options":{"engine":"r","label":"unnamed-chunk-10"},"row":160,"row_count":1,"visible":true},{"chunk_id":"ckh1equ9leksv","chunk_label":"unnamed-chunk-9","document_id":"E51B57A6","expansion_state":0,"options":{"engine":"r","label":"unnamed-chunk-12"},"row":169,"row_count":1,"visible":true},{"chunk_id":"ccktpps99yt12","chunk_label":"unnamed-chunk-10","document_id":"E51B57A6","expansion_state":0,"options":{"engine":"r","label":"unnamed-chunk-13"},"row":176,"row_count":1,"visible":true},{"chunk_id":"cysumqjk68azk","chunk_label":"unnamed-chunk-11","document_id":"E51B57A6","expansion_state":0,"options":{"engine":"r","label":"unnamed-chunk-15"},"row":196,"row_count":1,"visible":true},{"chunk_id":"cauxyy5e177qk","chunk_label":"unnamed-chunk-12","document_id":"E51B57A6","expansion_state":0,"options":{"engine":"r","label":"unnamed-chunk-16"},"row":206,"row_count":1,"visible":true},{"chunk_id":"c4mutc0xtzf6s","chunk_label":"unnamed-chunk-13","document_id":"E51B57A6","expansion_state":0,"options":{"engine":"r","label":"unnamed-chunk-18"},"row":216,"row_count":1,"visible":true},{"chunk_id":"ctw15fqpn09cq","chunk_label":"unnamed-chunk-14","document_id":"E51B57A6","expansion_state":0,"options":{"engine":"r","label":"unnamed-chunk-19"},"row":229,"row_count":1,"visible":true},{"chunk_id":"ci1v7xq6ob7af","chunk_label":"unnamed-chunk-15","document_id":"E51B57A6","expansion_state":0,"options":{"engine":"r","label":"unnamed-chunk-20"},"row":237,"row_count":1,"visible":true},{"chunk_id":"cx6m3votm53t8","chunk_label":"unnamed-chunk-16","document_id":"E51B57A6","expansion_state":0,"options":{"engine":"r","label":"unnamed-chunk-22"},"row":251,"row_count":1,"visible":true},{"chunk_id":"cdgi8by1vuss4","chunk_label":"unnamed-chunk-18","document_id":"E51B57A6","expansion_state":0,"options":{"engine":"r","label":"unnamed-chunk-23"},"row":273,"row_count":1,"visible":true}],"doc_write_time":1569595535}