{"chunk_definitions":[{"chunk_id":"csetup_chunk","chunk_label":"setup","document_id":"B165024D","expansion_state":0,"options":{"engine":"r","include":false,"label":"setup"},"row":13,"row_count":1,"visible":true},{"chunk_id":"cmmejozy8xhic","chunk_label":"unnamed-chunk-3","document_id":"B165024D","expansion_state":0,"options":{"engine":"r","label":"unnamed-chunk-2"},"row":156,"row_count":1,"visible":true},{"chunk_id":"c1zkhdbdah756","chunk_label":"unnamed-chunk-4","document_id":"B165024D","expansion_state":0,"options":{"engine":"r","label":"unnamed-chunk-3"},"row":168,"row_count":1,"visible":true},{"chunk_id":"c7z03xyiwvg56","chunk_label":"unnamed-chunk-5","document_id":"B165024D","expansion_state":0,"options":{"engine":"r","label":"unnamed-chunk-4"},"row":186,"row_count":1,"visible":true},{"chunk_id":"cg9wb3ydd3cmt","chunk_label":"unnamed-chunk-6","document_id":"B165024D","expansion_state":0,"options":{"engine":"r","label":"unnamed-chunk-5"},"row":194,"row_count":1,"visible":true},{"chunk_id":"c6m82zisppkf7","chunk_label":"unnamed-chunk-7","document_id":"B165024D","expansion_state":0,"options":{"engine":"r","label":"unnamed-chunk-6"},"row":204,"row_count":1,"visible":true},{"chunk_id":"c3j5nth8j5535","chunk_label":"unnamed-chunk-8","document_id":"B165024D","expansion_state":0,"options":{"engine":"r","label":"unnamed-chunk-7"},"row":228,"row_count":1,"visible":true},{"chunk_id":"c51vwxgq6g3ho","chunk_label":"unnamed-chunk-10","document_id":"B165024D","expansion_state":0,"options":{"engine":"r","label":"unnamed-chunk-9"},"row":243,"row_count":1,"visible":true},{"chunk_id":"ca03j6nr69q1q","chunk_label":"unnamed-chunk-11","document_id":"B165024D","expansion_state":0,"options":{"engine":"r","label":"unnamed-chunk-10"},"row":258,"row_count":1,"visible":true},{"chunk_id":"csvjiildpshh5","chunk_label":"unnamed-chunk-12","document_id":"B165024D","expansion_state":0,"options":{"engine":"r","label":"unnamed-chunk-12"},"row":266,"row_count":1,"visible":true},{"chunk_id":"cefnhmargwh8h","chunk_label":"unnamed-chunk-13","document_id":"B165024D","expansion_state":0,"options":{"engine":"r","label":"unnamed-chunk-13"},"row":281,"row_count":1,"visible":true},{"chunk_id":"c8w89l0oxvdhn","chunk_label":"unnamed-chunk-14","document_id":"B165024D","expansion_state":0,"options":{"engine":"r","label":"unnamed-chunk-14"},"row":297,"row_count":1,"visible":true},{"chunk_id":"c4b62qlgfihfz","chunk_label":"unnamed-chunk-15","document_id":"B165024D","expansion_state":0,"options":{"engine":"r","label":"unnamed-chunk-15"},"row":312,"row_count":1,"visible":true},{"chunk_id":"clb0zhxemgrxb","chunk_label":"unnamed-chunk-16","document_id":"B165024D","expansion_state":0,"options":{"engine":"r","label":"unnamed-chunk-16"},"row":327,"row_count":1,"visible":true},{"chunk_id":"c8g59qqyayztq","chunk_label":"unnamed-chunk-17","document_id":"B165024D","expansion_state":0,"options":{"engine":"r","label":"unnamed-chunk-17"},"row":342,"row_count":1,"visible":true},{"chunk_id":"ccny7v31x2lgj","chunk_label":"unnamed-chunk-18","document_id":"B165024D","expansion_state":0,"options":{"engine":"r","label":"unnamed-chunk-18"},"row":368,"row_count":1,"visible":true},{"chunk_id":"ch0z7qnfrndjt","chunk_label":"unnamed-chunk-19","document_id":"B165024D","expansion_state":0,"options":{"engine":"r","label":"unnamed-chunk-19"},"row":386,"row_count":1,"visible":true},{"chunk_id":"c68glpyv3ezzd","chunk_label":"unnamed-chunk-21","document_id":"B165024D","expansion_state":0,"options":{"engine":"r","label":"unnamed-chunk-20"},"row":427,"row_count":1,"visible":true},{"chunk_id":"c0ejsxxoj035m","chunk_label":"unnamed-chunk-22","document_id":"B165024D","expansion_state":0,"options":{"engine":"r","label":"unnamed-chunk-21"},"row":440,"row_count":1,"visible":true},{"chunk_id":"cl0ixkfckvzzq","chunk_label":"unnamed-chunk-23","document_id":"B165024D","expansion_state":0,"options":{"engine":"r","label":"unnamed-chunk-22"},"row":453,"row_count":1,"visible":true},{"chunk_id":"ckjicvm2blzrc","chunk_label":"unnamed-chunk-24","document_id":"B165024D","expansion_state":0,"options":{"engine":"r","label":"unnamed-chunk-23"},"row":466,"row_count":1,"visible":true},{"chunk_id":"clkzass1gzvhv","chunk_label":"unnamed-chunk-25","document_id":"B165024D","expansion_state":0,"options":{"engine":"r","label":"unnamed-chunk-24"},"row":479,"row_count":1,"visible":true},{"chunk_id":"cdg6m816zqf0r","chunk_label":"unnamed-chunk-26","document_id":"B165024D","expansion_state":0,"options":{"engine":"r","label":"unnamed-chunk-25"},"row":492,"row_count":1,"visible":true},{"chunk_id":"cfkd71g9kj4td","chunk_label":"unnamed-chunk-27","document_id":"B165024D","expansion_state":0,"options":{"engine":"r","label":"unnamed-chunk-30"},"row":513,"row_count":1,"visible":true},{"chunk_id":"c60bafkjekbq5","chunk_label":"unnamed-chunk-28","document_id":"B165024D","expansion_state":0,"options":{"engine":"r","label":"unnamed-chunk-32"},"row":523,"row_count":1,"visible":true}],"default_chunk_options":{"echo":true,"message":false,"paged.print":true,"warning":false},"doc_write_time":1569011896,"working_dir":null}