"0",""
"0","# Take the mingo dataframe, AND THEN select only the columns we want AND THEN sort is highest to lowest by dosage unit AND THEN filter for transactions with 12,000 or more pills from the manufacturer Actavis Pharma, Inc. We're not storing it as an object. It will automatically print below."
"0","mingo %>%"
"0","  select(Combined_Labeler_Name, REPORTER_NAME, BUYER_NAME, DOSAGE_UNIT) %>%"
"0","  arrange(desc(DOSAGE_UNIT), REPORTER_NAME, BUYER_NAME) %>%"
"0","  filter(DOSAGE_UNIT >= 12000, Combined_Labeler_Name == ""Actavis Pharma, Inc."", (BUYER_NAME == ""STROSNIDER"" | BUYER_NAME == ""RIVERSIDE PHARMACY""))"
