countyfips,buyer_county,buyer_state,average_pills_per_year
01001,AUTAUGA,AL,3038353
01003,BALDWIN,AL,9989512
01005,BARBOUR,AL,1141520
01007,BIBB,AL,1059437
01009,BLOUNT,AL,1705784
01011,BULLOCK,AL,272746
01013,BUTLER,AL,1077666
01015,CALHOUN,AL,7204196
01017,CHAMBERS,AL,1927252
01019,CHEROKEE,AL,1742050
01021,CHILTON,AL,2068367
01023,CHOCTAW,AL,759010
01025,CLARKE,AL,1266106
01027,CLAY,AL,657613
01029,CLEBURNE,AL,334513
01031,COFFEE,AL,2275161
01033,COLBERT,AL,4641544
01035,CONECUH,AL,897797
01037,COOSA,AL,182146
01039,COVINGTON,AL,2581245
01041,CRENSHAW,AL,486836
01043,CULLMAN,AL,4959407
01045,DALE,AL,1818083
01047,DALLAS,AL,1425110
01049,DE KALB,AL,3448161
01051,ELMORE,AL,3268646
01053,ESCAMBIA,AL,2261684
01055,ETOWAH,AL,7874774
01057,FAYETTE,AL,702061
01059,FRANKLIN,AL,2830669
01061,GENEVA,AL,1111500
01063,GREENE,AL,127576
01065,HALE,AL,438024
01067,HENRY,AL,469703
01069,HOUSTON,AL,5361079
01071,JACKSON,AL,4016723
01073,JEFFERSON,AL,35376685
01075,LAMAR,AL,779694
01077,LAUDERDALE,AL,4832351
01079,LAWRENCE,AL,1648710
01081,LEE,AL,2671377
01083,LIMESTONE,AL,3008529
01085,LOWNDES,AL,147389
01087,MACON,AL,409200
01089,MADISON,AL,17629551
01091,MARENGO,AL,853431
01093,MARION,AL,3305180
01095,MARSHALL,AL,7000791
01097,MOBILE,AL,21463219
01099,MONROE,AL,905170
01101,MONTGOMERY,AL,8155462
01103,MORGAN,AL,7196999
01105,PERRY,AL,177434
01107,PICKENS,AL,570744
01109,PIKE,AL,1306557
01111,RANDOLPH,AL,980356
01113,RUSSELL,AL,2819196
01115,SAINT CLAIR,AL,3149726
01117,SHELBY,AL,8073252
01119,SUMTER,AL,280956
01121,TALLADEGA,AL,4707824
01123,TALLAPOOSA,AL,1535906
01125,TUSCALOOSA,AL,7120480
01127,WALKER,AL,9488785
01129,WASHINGTON,AL,158340
01131,WILCOX,AL,141017
01133,WINSTON,AL,2076890
02013,ALEUTIANS EAST,AK,200
02016,ALEUTIANS WEST,AK,27700
02020,ANCHORAGE,AK,8898995
02050,BETHEL,AK,3743
02068,DENALI,AK,2333
02090,FAIRBANKS NORTH STAR,AK,2406946
02100,HAINES,AK,56719
02110,JUNEAU,AK,851393
02122,KENAI PENINSULA,AK,2433368
02130,KETCHIKAN GATEWAY,AK,576660
02150,KODIAK ISLAND,AK,265400
02170,MATANUSKA SUSITNA,AK,3457431
02180,NOME,AK,350
02185,NORTH SLOPE,AK,995
02188,NORTHWEST ARCTIC,AK,800
02195,PETERSBURG,AK,88929
02198,PRINCE OF WALES HYDER,AK,107457
02220,SITKA,AK,243736
02230,SKAGWAY,AK,720
02240,SOUTHEAST FAIRBANKS,AK,82814
02261,VALDEZ CORDOVA,AK,252214
02275,WRANGELL,AK,52039
04001,APACHE,AZ,660256
04003,COCHISE,AZ,5384451
04005,COCONINO,AZ,3354526
04007,GILA,AZ,3012063
04009,GRAHAM,AZ,2089064
04011,GREENLEE,AZ,94920
04012,LA PAZ,AZ,851663
04013,MARICOPA,AZ,143510024
04015,MOHAVE,AZ,14698954
04017,NAVAJO,AZ,3374042
04019,PIMA,AZ,43091537
04021,PINAL,AZ,10159023
04023,SANTA CRUZ,AZ,715794
04025,YAVAPAI,AZ,10120888
04027,YUMA,AZ,4639961
05001,ARKANSAS,AR,1009380
05003,ASHLEY,AR,846151
05005,BAXTER,AR,2155659
05007,BENTON,AR,7910140
05009,BOONE,AR,1910356
05011,BRADLEY,AR,376081
05013,CALHOUN,AR,217564
05015,CARROLL,AR,1684190
05017,CHICOT,AR,694809
05019,CLARK,AR,1074374
05021,CLAY,AR,654053
05023,CLEBURNE,AR,1102087
05025,CLEVELAND,AR,19057
05027,COLUMBIA,AR,904184
05029,CONWAY,AR,1030523
05031,CRAIGHEAD,AR,4876418
05033,CRAWFORD,AR,3756071
05035,CRITTENDEN,AR,1943819
05037,CROSS,AR,540324
05039,DALLAS,AR,291101
05041,DESHA,AR,504516
05043,DREW,AR,631787
05045,FAULKNER,AR,3474480
05047,FRANKLIN,AR,947446
05049,FULTON,AR,777109
05051,GARLAND,AR,6262350
05053,GRANT,AR,561151
05055,GREENE,AR,2651537
05057,HEMPSTEAD,AR,1031306
05059,HOT SPRING,AR,1103784
05061,HOWARD,AR,690954
05063,INDEPENDENCE,AR,2216687
05065,IZARD,AR,1155846
05067,JACKSON,AR,811697
05069,JEFFERSON,AR,1965710
05071,JOHNSON,AR,1216610
05073,LAFAYETTE,AR,236791
05075,LAWRENCE,AR,835734
05077,LEE,AR,197653
05079,LINCOLN,AR,204933
05081,LITTLE RIVER,AR,642956
05083,LOGAN,AR,1064403
05085,LONOKE,AR,2278399
05087,MADISON,AR,503717
05089,MARION,AR,699464
05091,MILLER,AR,2213341
05093,MISSISSIPPI,AR,2215381
05095,MONROE,AR,218173
05099,NEVADA,AR,246951
05101,NEWTON,AR,121626
05103,OUACHITA,AR,1289717
05105,PERRY,AR,309899
05107,PHILLIPS,AR,1400127
05109,PIKE,AR,838561
05111,POINSETT,AR,1447040
05113,POLK,AR,1167869
05115,POPE,AR,2382061
05117,PRAIRIE,AR,213673
05119,PULASKI,AR,16043072
05121,RANDOLPH,AR,558387
05123,SAINT FRANCIS,AR,706184
05125,SALINE,AR,4164641
05127,SCOTT,AR,739979
05129,SEARCY,AR,267793
05131,SEBASTIAN,AR,9122883
05133,SEVIER,AR,750749
05135,SHARP,AR,851703
05137,STONE,AR,644844
05139,UNION,AR,2114316
05141,VAN BUREN,AR,675754
05143,WASHINGTON,AR,7166553
05145,WHITE,AR,2889139
05147,WOODRUFF,AR,430612
05149,YELL,AR,937856
06001,ALAMEDA,CA,88217886
06003,ALPINE,CA,1317
06005,AMADOR,CA,2587066
06007,BUTTE,CA,18062611
06009,CALAVERAS,CA,2756463
06011,COLUSA,CA,786113
06013,CONTRA COSTA,CA,32624213
06015,DEL NORTE,CA,2289029
06017,EL DORADO,CA,7797783
06019,FRESNO,CA,31032194
06021,GLENN,CA,1545946
06023,HUMBOLDT,CA,10094280
06025,IMPERIAL,CA,3412459
06027,INYO,CA,816580
06029,KERN,CA,27931147
06031,KINGS,CA,4947808
06033,LAKE,CA,6260994
06035,LASSEN,CA,2696101
06037,LOS ANGELES,CA,214178995
06039,MADERA,CA,4243745
06041,MARIN,CA,7728684
06043,MARIPOSA,CA,519807
06045,MENDOCINO,CA,5535988
06047,MERCED,CA,8173238
06049,MODOC,CA,669634
06051,MONO,CA,240669
06053,MONTEREY,CA,11826832
06055,NAPA,CA,4418925
06057,NEVADA,CA,5188460
06059,ORANGE,CA,72583220
06061,PLACER,CA,18000957
06063,PLUMAS,CA,1577490
06065,RIVERSIDE,CA,64851865
06067,SACRAMENTO,CA,63294739
06069,SAN BENITO,CA,1206994
06071,SAN BERNARDINO,CA,62025445
06073,SAN DIEGO,CA,86880621
06075,SAN FRANCISCO,CA,18240587
06077,SAN JOAQUIN,CA,26865156
06079,SAN LUIS OBISPO,CA,10986691
06081,SAN MATEO,CA,15644280
06083,SANTA BARBARA,CA,14181829
06085,SANTA CLARA,CA,28982649
06087,SANTA CRUZ,CA,9276465
06089,SHASTA,CA,16763123
06091,SIERRA,CA,100437
06093,SISKIYOU,CA,2909235
06095,SOLANO,CA,14895147
06097,SONOMA,CA,18490892
06099,STANISLAUS,CA,31146910
06101,SUTTER,CA,6457145
06103,TEHAMA,CA,4197711
06105,TRINITY,CA,1044254
06107,TULARE,CA,16271616
06109,TUOLUMNE,CA,4735141
06111,VENTURA,CA,22634814
06113,YOLO,CA,5985964
06115,YUBA,CA,4223761
08001,ADAMS,CO,10978374
08003,ALAMOSA,CO,1353830
08005,ARAPAHOE,CO,14283698
08007,ARCHULETA,CO,212189
08009,BACA,CO,79557
08011,BENT,CO,156980
08013,BOULDER,CO,7445823
08014,BROOMFIELD,CO,2165523
08015,CHAFFEE,CO,796696
08017,CHEYENNE,CO,44357
08019,CLEAR CREEK,CO,217609
08021,CONEJOS,CO,281130
08025,CROWLEY,CO,181543
08027,CUSTER,CO,783
08029,DELTA,CO,1402110
08031,DENVER,CO,10949077
08035,DOUGLAS,CO,5579685
08037,EAGLE,CO,1320190
08039,ELBERT,CO,279994
08041,EL PASO,CO,17974322
08043,FREMONT,CO,1973703
08045,GARFIELD,CO,1894912
08047,GILPIN,CO,43999
08049,GRAND,CO,374168
08051,GUNNISON,CO,299118
08053,HINSDALE,CO,1080
08055,HUERFANO,CO,355949
08059,JEFFERSON,CO,20331993
08061,KIOWA,CO,57000
08063,KIT CARSON,CO,134886
08065,LAKE,CO,212900
08067,LA PLATA,CO,1288878
08069,LARIMER,CO,9124025
08071,LAS ANIMAS,CO,757680
08073,LINCOLN,CO,223443
08075,LOGAN,CO,688881
08077,MESA,CO,5344232
08079,MINERAL,CO,100
08081,MOFFAT,CO,560837
08083,MONTEZUMA,CO,1009614
08085,MONTROSE,CO,1341486
08087,MORGAN,CO,837729
08089,OTERO,CO,1258843
08091,OURAY,CO,107577
08093,PARK,CO,118803
08095,PHILLIPS,CO,61171
08097,PITKIN,CO,228260
08099,PROWERS,CO,543259
08101,PUEBLO,CO,10661315
08103,RIO BLANCO,CO,138090
08105,RIO GRANDE,CO,350114
08107,ROUTT,CO,654718
08109,SAGUACHE,CO,614
08111,SAN JUAN,CO,80
08113,SAN MIGUEL,CO,76514
08115,SEDGWICK,CO,91357
08117,SUMMIT,CO,715104
08119,TELLER,CO,1044174
08121,WASHINGTON,CO,41400
08123,WELD,CO,7163911
08125,YUMA,CO,219069
09001,FAIRFIELD,CT,19018843
09003,HARTFORD,CT,22713198
09005,LITCHFIELD,CT,5901074
09007,MIDDLESEX,CT,4808545
09009,NEW HAVEN,CT,28924202
09011,NEW LONDON,CT,8426190
09013,TOLLAND,CT,2933941
09015,WINDHAM,CT,3752741
10001,KENT,DE,6364487
10003,NEW CASTLE,DE,21250488
10005,SUSSEX,DE,11838921
11001,DISTRICT OF COLUMBIA,DC,8312029
12001,ALACHUA,FL,9086877
12003,BAKER,FL,2066337
12005,BAY,FL,9338047
12007,BRADFORD,FL,1594757
12009,BREVARD,FL,26275971
12011,BROWARD,FL,81155241
12013,CALHOUN,FL,373316
12015,CHARLOTTE,FL,8298520
12017,CITRUS,FL,7426578
12019,CLAY,FL,9966351
12021,COLLIER,FL,10002399
12023,COLUMBIA,FL,3926491
12027,DE SOTO,FL,910053
12029,DIXIE,FL,293874
12031,DUVAL,FL,43137524
12033,ESCAMBIA,FL,15474907
12035,FLAGLER,FL,3655724
12037,FRANKLIN,FL,366543
12039,GADSDEN,FL,947531
12041,GILCHRIST,FL,501060
12043,GLADES,FL,125100
12045,GULF,FL,592419
12047,HAMILTON,FL,266463
12049,HARDEE,FL,554694
12051,HENDRY,FL,1422540
12053,HERNANDO,FL,12082513
12055,HIGHLANDS,FL,3113181
12057,HILLSBOROUGH,FL,80732128
12059,HOLMES,FL,733364
12061,INDIAN RIVER,FL,5992692
12063,JACKSON,FL,1762261
12065,JEFFERSON,FL,318700
12067,LAFAYETTE,FL,204287
12069,LAKE,FL,11143344
12071,LEE,FL,25880961
12073,LEON,FL,6868541
12075,LEVY,FL,2434100
12077,LIBERTY,FL,119499
12079,MADISON,FL,454391
12081,MANATEE,FL,16740985
12083,MARION,FL,14946542
12085,MARTIN,FL,5633021
12086,MIAMI-DADE,FL,34521808
12087,MONROE,FL,4398761
12089,NASSAU,FL,4296980
12091,OKALOOSA,FL,6999273
12093,OKEECHOBEE,FL,2225689
12095,ORANGE,FL,41696604
12097,OSCEOLA,FL,8174382
12099,PALM BEACH,FL,55764695
12101,PASCO,FL,27916305
12103,PINELLAS,FL,56406258
12105,POLK,FL,21989039
12107,PUTNAM,FL,5172499
12109,SAINT JOHNS,FL,6204291
12111,SAINT LUCIE,FL,9271267
12113,SANTA ROSA,FL,7738445
12115,SARASOTA,FL,18506298
12117,SEMINOLE,FL,18069361
12119,SUMTER,FL,3011897
12121,SUWANNEE,FL,1480144
12123,TAYLOR,FL,1065187
12125,UNION,FL,407524
12127,VOLUSIA,FL,25864925
12129,WAKULLA,FL,937931
12131,WALTON,FL,3224181
12133,WASHINGTON,FL,1583338
13001,APPLING,GA,792476
13003,ATKINSON,GA,418996
13005,BACON,GA,1124419
13007,BAKER,GA,1300
13009,BALDWIN,GA,1700677
13011,BANKS,GA,507161
13013,BARROW,GA,3092094
13015,BARTOW,GA,4719887
13017,BEN HILL,GA,917396
13019,BERRIEN,GA,706036
13021,BIBB,GA,10802668
13023,BLECKLEY,GA,648556
13025,BRANTLEY,GA,569584
13027,BROOKS,GA,964993
13029,BRYAN,GA,1377036
13031,BULLOCH,GA,1809025
13033,BURKE,GA,513094
13035,BUTTS,GA,997127
13037,CALHOUN,GA,89429
13039,CAMDEN,GA,2240633
13043,CANDLER,GA,447934
13045,CARROLL,GA,6995790
13047,CATOOSA,GA,3660766
13049,CHARLTON,GA,431584
13051,CHATHAM,GA,8445397
13055,CHATTOOGA,GA,1652836
13057,CHEROKEE,GA,6040442
13059,CLARKE,GA,5683151
13061,CLAY,GA,110127
13063,CLAYTON,GA,5300533
13065,CLINCH,GA,499041
13067,COBB,GA,18665919
13069,COFFEE,GA,3565774
13071,COLQUITT,GA,1293771
13073,COLUMBIA,GA,3697443
13075,COOK,GA,619067
13077,COWETA,GA,3719819
13079,CRAWFORD,GA,136263
13081,CRISP,GA,1037533
13083,DADE,GA,819044
13085,DAWSON,GA,1165393
13087,DECATUR,GA,1100194
13089,DEKALB,GA,10965533
13091,DODGE,GA,1135286
13093,DOOLY,GA,122356
13095,DOUGHERTY,GA,2813474
13097,DOUGLAS,GA,5223706
13099,EARLY,GA,250776
13103,EFFINGHAM,GA,1370016
13105,ELBERT,GA,1290844
13107,EMANUEL,GA,1084806
13109,EVANS,GA,779964
13111,FANNIN,GA,1552006
13113,FAYETTE,GA,3055382
13115,FLOYD,GA,7208788
13117,FORSYTH,GA,3880289
13119,FRANKLIN,GA,2255741
13121,FULTON,GA,18931358
13123,GILMER,GA,1569833
13125,GLASCOCK,GA,300
13127,GLYNN,GA,3659572
13129,GORDON,GA,2296599
13131,GRADY,GA,614561
13133,GREENE,GA,828233
13135,GWINNETT,GA,16230314
13137,HABERSHAM,GA,1836839
13139,HALL,GA,6716318
13141,HANCOCK,GA,130251
13143,HARALSON,GA,3188699
13145,HARRIS,GA,130299
13147,HART,GA,1377516
13149,HEARD,GA,223457
13151,HENRY,GA,6053957
13153,HOUSTON,GA,5781291
13155,IRWIN,GA,212581
13157,JACKSON,GA,2865751
13159,JASPER,GA,335983
13161,JEFF DAVIS,GA,745269
13163,JEFFERSON,GA,672035
13165,JENKINS,GA,284354
13167,JOHNSON,GA,216253
13169,JONES,GA,559039
13171,LAMAR,GA,537433
13173,LANIER,GA,266469
13175,LAURENS,GA,2922703
13177,LEE,GA,265651
13179,LIBERTY,GA,1000214
13181,LINCOLN,GA,288307
13183,LONG,GA,109656
13185,LOWNDES,GA,4487098
13187,LUMPKIN,GA,677290
13189,MCDUFFIE,GA,1177791
13191,MCINTOSH,GA,682243
13193,MACON,GA,545610
13195,MADISON,GA,1343289
13197,MARION,GA,81909
13199,MERIWETHER,GA,738027
13201,MILLER,GA,201890
13205,MITCHELL,GA,741029
13207,MONROE,GA,761309
13209,MONTGOMERY,GA,70243
13211,MORGAN,GA,572206
13213,MURRAY,GA,1654741
13215,MUSCOGEE,GA,7953749
13217,NEWTON,GA,2992437
13219,OCONEE,GA,620158
13221,OGLETHORPE,GA,312239
13223,PAULDING,GA,3789314
13225,PEACH,GA,887223
13227,PICKENS,GA,1477783
13229,PIERCE,GA,894256
13231,PIKE,GA,200020
13233,POLK,GA,3490907
13235,PULASKI,GA,951622
13237,PUTNAM,GA,470419
13241,RABUN,GA,1018330
13243,RANDOLPH,GA,163580
13245,RICHMOND,GA,7390235
13247,ROCKDALE,GA,3951964
13249,SCHLEY,GA,60606
13251,SCREVEN,GA,260407
13253,SEMINOLE,GA,472805
13255,SPALDING,GA,3273954
13257,STEPHENS,GA,3060941
13259,STEWART,GA,136426
13261,SUMTER,GA,866877
13263,TALBOT,GA,11700
13267,TATTNALL,GA,1184480
13269,TAYLOR,GA,343690
13271,TELFAIR,GA,965554
13273,TERRELL,GA,156493
13275,THOMAS,GA,1619518
13277,TIFT,GA,1897958
13279,TOOMBS,GA,1753186
13281,TOWNS,GA,463687
13283,TREUTLEN,GA,296389
13285,TROUP,GA,2293825
13287,TURNER,GA,298653
13289,TWIGGS,GA,84876
13291,UNION,GA,976510
13293,UPSON,GA,1398989
13295,WALKER,GA,2653554
13297,WALTON,GA,3818145
13299,WARE,GA,3132590
13301,WARREN,GA,94231
13303,WASHINGTON,GA,634337
13305,WAYNE,GA,1913105
13309,WHEELER,GA,248509
13311,WHITE,GA,1013509
13313,WHITFIELD,GA,4171137
13315,WILCOX,GA,266386
13317,WILKES,GA,466896
13319,WILKINSON,GA,383625
13321,WORTH,GA,535320
15001,HAWAII,HI,7542414
15003,HONOLULU,HI,14703062
15007,KAUAI,HI,2684990
15009,MAUI,HI,6352356
16001,ADA,ID,14296735
16003,ADAMS,ID,1571
16005,BANNOCK,ID,3148417
16007,BEAR LAKE,ID,289997
16009,BENEWAH,ID,481731
16011,BINGHAM,ID,1129699
16013,BLAINE,ID,391826
16015,BOISE,ID,1485
16017,BONNER,ID,1749431
16019,BONNEVILLE,ID,3974820
16021,BOUNDARY,ID,515406
16023,BUTTE,ID,122993
16027,CANYON,ID,5711446
16029,CARIBOU,ID,252580
16031,CASSIA,ID,1176429
16035,CLEARWATER,ID,439619
16037,CUSTER,ID,61057
16039,ELMORE,ID,621677
16041,FRANKLIN,ID,327143
16043,FREMONT,ID,170514
16045,GEM,ID,614143
16047,GOODING,ID,424549
16049,IDAHO,ID,458369
16051,JEFFERSON,ID,300531
16053,JEROME,ID,638223
16055,KOOTENAI,ID,5592441
16057,LATAH,ID,1086001
16059,LEMHI,ID,397343
16061,LEWIS,ID,328377
16063,LINCOLN,ID,198
16065,MADISON,ID,644134
16067,MINIDOKA,ID,318786
16069,NEZ PERCE,ID,2525221
16071,ONEIDA,ID,172347
16073,OWYHEE,ID,144091
16075,PAYETTE,ID,420343
16077,POWER,ID,201247
16079,SHOSHONE,ID,976573
16081,TETON,ID,209046
16083,TWIN FALLS,ID,3828093
16085,VALLEY,ID,453353
16087,WASHINGTON,ID,395117
17001,ADAMS,IL,2826343
17003,ALEXANDER,IL,142713
17005,BOND,IL,374759
17007,BOONE,IL,1233101
17009,BROWN,IL,93804
17011,BUREAU,IL,518879
17013,CALHOUN,IL,130051
17015,CARROLL,IL,220795
17017,CASS,IL,193100
17019,CHAMPAIGN,IL,4322087
17021,CHRISTIAN,IL,1259896
17023,CLARK,IL,643534
17025,CLAY,IL,344279
17027,CLINTON,IL,483890
17029,COLES,IL,1696536
17031,COOK,IL,80964664
17033,CRAWFORD,IL,796723
17035,CUMBERLAND,IL,156770
17037,DEKALB,IL,1826811
17039,DEWITT,IL,391447
17041,DOUGLAS,IL,400117
17043,DUPAGE,IL,17755911
17045,EDGAR,IL,582163
17047,EDWARDS,IL,209830
17049,EFFINGHAM,IL,1312624
17051,FAYETTE,IL,526054
17053,FORD,IL,430567
17055,FRANKLIN,IL,2629813
17057,FULTON,IL,1030677
17059,GALLATIN,IL,107339
17061,GREENE,IL,567803
17063,GRUNDY,IL,1355471
17065,HAMILTON,IL,193274
17067,HANCOCK,IL,277059
17069,HARDIN,IL,398534
17071,HENDERSON,IL,52633
17073,HENRY,IL,857399
17075,IROQUOIS,IL,901196
17077,JACKSON,IL,2475117
17079,JASPER,IL,246826
17081,JEFFERSON,IL,1515763
17083,JERSEY,IL,1130061
17085,JO DAVIESS,IL,406974
17087,JOHNSON,IL,276657
17089,KANE,IL,6718002
17091,KANKAKEE,IL,3467419
17093,KENDALL,IL,1992055
17095,KNOX,IL,1964159
17097,LAKE,IL,13275030
17099,LA SALLE,IL,3540962
17101,LAWRENCE,IL,650316
17103,LEE,IL,664123
17105,LIVINGSTON,IL,1122854
17107,LOGAN,IL,889517
17109,MCDONOUGH,IL,692519
17111,MCHENRY,IL,6488988
17113,MCLEAN,IL,2694241
17115,MACON,IL,3933879
17117,MACOUPIN,IL,1240357
17119,MADISON,IL,11265901
17121,MARION,IL,1452844
17123,MARSHALL,IL,309973
17125,MASON,IL,407696
17127,MASSAC,IL,886600
17129,MENARD,IL,141159
17131,MERCER,IL,180663
17133,MONROE,IL,999830
17135,MONTGOMERY,IL,1082179
17137,MORGAN,IL,1238523
17139,MOULTRIE,IL,238506
17141,OGLE,IL,1015464
17143,PEORIA,IL,5528536
17145,PERRY,IL,877840
17147,PIATT,IL,413744
17149,PIKE,IL,446121
17151,POPE,IL,110869
17153,PULASKI,IL,227003
17155,PUTNAM,IL,82974
17157,RANDOLPH,IL,1239301
17159,RICHLAND,IL,727020
17161,ROCK ISLAND,IL,3102585
17163,SAINT CLAIR,IL,7713372
17165,SALINE,IL,2216326
17167,SANGAMON,IL,6939667
17169,SCHUYLER,IL,180119
17171,SCOTT,IL,13000
17173,SHELBY,IL,276220
17175,STARK,IL,18131
17177,STEPHENSON,IL,1258167
17179,TAZEWELL,IL,4263194
17181,UNION,IL,942276
17183,VERMILION,IL,3779974
17185,WABASH,IL,468810
17187,WARREN,IL,336951
17189,WASHINGTON,IL,244051
17191,WAYNE,IL,554733
17193,WHITE,IL,694346
17195,WHITESIDE,IL,1272694
17197,WILL,IL,13680116
17199,WILLIAMSON,IL,4956479
17201,WINNEBAGO,IL,11347650
17203,WOODFORD,IL,749411
18001,ADAMS,IN,709277
18003,ALLEN,IN,10373443
18005,BARTHOLOMEW,IN,5150215
18007,BENTON,IN,111980
18009,BLACKFORD,IN,1050419
18011,BOONE,IN,2174913
18013,BROWN,IN,368521
18015,CARROLL,IN,371724
18017,CASS,IN,1200047
18019,CLARK,IN,7951726
18021,CLAY,IN,1220221
18023,CLINTON,IN,1526883
18025,CRAWFORD,IN,351689
18027,DAVIESS,IN,2043653
18029,DEARBORN,IN,3014860
18031,DECATUR,IN,1123874
18033,DE KALB,IN,1124376
18035,DELAWARE,IN,7892109
18037,DUBOIS,IN,2135784
18039,ELKHART,IN,5956316
18041,FAYETTE,IN,2411621
18043,FLOYD,IN,6729562
18045,FOUNTAIN,IN,1097609
18047,FRANKLIN,IN,647737
18049,FULTON,IN,1038471
18051,GIBSON,IN,1691291
18053,GRANT,IN,4196901
18055,GREENE,IN,1473933
18057,HAMILTON,IN,7988111
18059,HANCOCK,IN,2661903
18061,HARRISON,IN,1852449
18063,HENDRICKS,IN,5925308
18065,HENRY,IN,3492174
18067,HOWARD,IN,5825813
18069,HUNTINGTON,IN,1472849
18071,JACKSON,IN,2546458
18073,JASPER,IN,1748409
18075,JAY,IN,1249004
18077,JEFFERSON,IN,1770066
18079,JENNINGS,IN,1732146
18081,JOHNSON,IN,7763966
18083,KNOX,IN,3035879
18085,KOSCIUSKO,IN,2573981
18087,LAGRANGE,IN,419847
18089,LAKE,IN,18569524
18091,LA PORTE,IN,4762651
18093,LAWRENCE,IN,3693367
18095,MADISON,IN,10208398
18097,MARION,IN,47104383
18099,MARSHALL,IN,1780087
18101,MARTIN,IN,601030
18103,MIAMI,IN,970644
18105,MONROE,IN,5621674
18107,MONTGOMERY,IN,2069744
18109,MORGAN,IN,4668084
18111,NEWTON,IN,190094
18113,NOBLE,IN,1325273
18115,OHIO,IN,163338
18117,ORANGE,IN,1135873
18119,OWEN,IN,760829
18121,PARKE,IN,390164
18123,PERRY,IN,814484
18125,PIKE,IN,592876
18127,PORTER,IN,6918026
18129,POSEY,IN,1059616
18131,PULASKI,IN,590723
18133,PUTNAM,IN,1482626
18135,RANDOLPH,IN,1011146
18137,RIPLEY,IN,1620230
18139,RUSH,IN,842519
18141,ST JOSEPH,IN,9319477
18143,SCOTT,IN,2811922
18145,SHELBY,IN,1812003
18147,SPENCER,IN,785459
18149,STARKE,IN,1753807
18151,STEUBEN,IN,880459
18153,SULLIVAN,IN,1269274
18155,SWITZERLAND,IN,271657
18157,TIPPECANOE,IN,6063941
18159,TIPTON,IN,421567
18161,UNION,IN,214756
18163,VANDERBURGH,IN,12806725
18165,VERMILLION,IN,743129
18167,VIGO,IN,6067990
18169,WABASH,IN,1647103
18171,WARREN,IN,100
18173,WARRICK,IN,2226384
18175,WASHINGTON,IN,1453676
18177,WAYNE,IN,3835704
18179,WELLS,IN,765927
18181,WHITE,IN,866007
18183,WHITLEY,IN,1237880
19001,ADAIR,IA,197864
19003,ADAMS,IA,76500
19005,ALLAMAKEE,IA,260157
19007,APPANOOSE,IA,501317
19009,AUDUBON,IA,91721
19011,BENTON,IA,365449
19013,BLACK HAWK,IA,3279956
19015,BOONE,IA,847459
19017,BREMER,IA,812884
19019,BUCHANAN,IA,243969
19021,BUENA VISTA,IA,278514
19023,BUTLER,IA,160454
19025,CALHOUN,IA,166564
19027,CARROLL,IA,627061
19029,CASS,IA,410416
19031,CEDAR,IA,171793
19033,CERRO GORDO,IA,1821786
19035,CHEROKEE,IA,189326
19037,CHICKASAW,IA,146490
19039,CLARKE,IA,356167
19041,CLAY,IA,382759
19043,CLAYTON,IA,254140
19045,CLINTON,IA,1428163
19047,CRAWFORD,IA,301954
19049,DALLAS,IA,805084
19051,DAVIS,IA,107416
19053,DECATUR,IA,223923
19055,DELAWARE,IA,197957
19057,DES MOINES,IA,1547871
19059,DICKINSON,IA,370549
19061,DUBUQUE,IA,2145107
19063,EMMET,IA,137459
19065,FAYETTE,IA,554716
19067,FLOYD,IA,273194
19069,FRANKLIN,IA,212117
19071,FREMONT,IA,142757
19073,GREENE,IA,268971
19075,GRUNDY,IA,351866
19077,GUTHRIE,IA,253616
19079,HAMILTON,IA,359917
19081,HANCOCK,IA,143947
19083,HARDIN,IA,482127
19085,HARRISON,IA,474793
19087,HENRY,IA,420983
19089,HOWARD,IA,293114
19091,HUMBOLDT,IA,217500
19093,IDA,IA,200854
19095,IOWA,IA,257794
19097,JACKSON,IA,401660
19099,JASPER,IA,1157473
19101,JEFFERSON,IA,548737
19103,JOHNSON,IA,1736901
19105,JONES,IA,338653
19107,KEOKUK,IA,74771
19109,KOSSUTH,IA,333714
19111,LEE,IA,1624086
19113,LINN,IA,4821858
19115,LOUISA,IA,81299
19117,LUCAS,IA,313524
19119,LYON,IA,192441
19121,MADISON,IA,407814
19123,MAHASKA,IA,709003
19125,MARION,IA,980510
19127,MARSHALL,IA,1164704
19129,MILLS,IA,286636
19131,MITCHELL,IA,117614
19133,MONONA,IA,301599
19135,MONROE,IA,241486
19137,MONTGOMERY,IA,366710
19139,MUSCATINE,IA,1022489
19141,OBRIEN,IA,181874
19143,OSCEOLA,IA,97709
19145,PAGE,IA,583594
19147,PALO ALTO,IA,129521
19149,PLYMOUTH,IA,296347
19151,POCAHONTAS,IA,129304
19153,POLK,IA,18519079
19155,POTTAWATTAMIE,IA,3026641
19157,POWESHIEK,IA,535301
19159,RINGGOLD,IA,137886
19161,SAC,IA,95517
19163,SCOTT,IA,5194300
19165,SHELBY,IA,226883
19167,SIOUX,IA,344100
19169,STORY,IA,1378594
19171,TAMA,IA,224323
19173,TAYLOR,IA,91541
19175,UNION,IA,502954
19177,VAN BUREN,IA,137019
19179,WAPELLO,IA,1341229
19181,WARREN,IA,1164491
19183,WASHINGTON,IA,385827
19185,WAYNE,IA,170974
19187,WEBSTER,IA,1381483
19189,WINNEBAGO,IA,325947
19191,WINNESHIEK,IA,253193
19193,WOODBURY,IA,2039042
19195,WORTH,IA,61990
19197,WRIGHT,IA,421361
20001,ALLEN,KS,750143
20003,ANDERSON,KS,213347
20005,ATCHISON,KS,773569
20007,BARBER,KS,174313
20009,BARTON,KS,1238277
20011,BOURBON,KS,713171
20013,BROWN,KS,588821
20015,BUTLER,KS,3134286
20019,CHAUTAUQUA,KS,117451
20021,CHEROKEE,KS,771816
20023,CHEYENNE,KS,119183
20025,CLARK,KS,144384
20027,CLAY,KS,384849
20029,CLOUD,KS,438350
20031,COFFEY,KS,452034
20033,COMANCHE,KS,130820
20035,COWLEY,KS,1636933
20037,CRAWFORD,KS,1762664
20039,DECATUR,KS,93661
20041,DICKINSON,KS,499357
20045,DOUGLAS,KS,2954694
20047,EDWARDS,KS,44643
20049,ELK,KS,105029
20051,ELLIS,KS,1097769
20053,ELLSWORTH,KS,188414
20055,FINNEY,KS,867483
20057,FORD,KS,947244
20059,FRANKLIN,KS,1057323
20061,GEARY,KS,970534
20063,GOVE,KS,68100
20065,GRAHAM,KS,103857
20067,GRANT,KS,168041
20069,GRAY,KS,94101
20071,GREELEY,KS,72604
20073,GREENWOOD,KS,299927
20075,HAMILTON,KS,53956
20077,HARPER,KS,206066
20079,HARVEY,KS,1339571
20081,HASKELL,KS,55129
20083,HODGEMAN,KS,66514
20085,JACKSON,KS,296596
20087,JEFFERSON,KS,209593
20089,JEWELL,KS,57931
20091,JOHNSON,KS,23740813
20093,KEARNY,KS,57026
20095,KINGMAN,KS,299127
20097,KIOWA,KS,27598
20099,LABETTE,KS,1224859
20101,LANE,KS,53530
20103,LEAVENWORTH,KS,16860190
20105,LINCOLN,KS,87183
20107,LINN,KS,264206
20109,LOGAN,KS,57900
20111,LYON,KS,996339
20113,MCPHERSON,KS,1000833
20115,MARION,KS,304264
20117,MARSHALL,KS,364604
20119,MEADE,KS,77960
20121,MIAMI,KS,1234069
20123,MITCHELL,KS,165070
20125,MONTGOMERY,KS,2156543
20127,MORRIS,KS,118156
20129,MORTON,KS,273917
20131,NEMAHA,KS,356740
20133,NEOSHO,KS,826054
20135,NESS,KS,105897
20137,NORTON,KS,223354
20139,OSAGE,KS,265459
20141,OSBORNE,KS,121331
20143,OTTAWA,KS,160604
20145,PAWNEE,KS,242607
20147,PHILLIPS,KS,154454
20149,POTTAWATOMIE,KS,377843
20151,PRATT,KS,823880
20153,RAWLINS,KS,53469
20155,RENO,KS,2684791
20157,REPUBLIC,KS,273843
20159,RICE,KS,285830
20161,RILEY,KS,1897173
20163,ROOKS,KS,166504
20165,RUSH,KS,49723
20167,RUSSELL,KS,208799
20169,SALINE,KS,2503130
20171,SCOTT,KS,203637
20173,SEDGWICK,KS,23468874
20175,SEWARD,KS,846810
20177,SHAWNEE,KS,5927539
20179,SHERIDAN,KS,63129
20181,SHERMAN,KS,393681
20183,SMITH,KS,144960
20187,STANTON,KS,68249
20189,STEVENS,KS,97537
20191,SUMNER,KS,897007
20193,THOMAS,KS,413313
20195,TREGO,KS,124840
20197,WABAUNSEE,KS,200
20199,WALLACE,KS,15800
20201,WASHINGTON,KS,82539
20203,WICHITA,KS,41167
20205,WILSON,KS,335359
20207,WOODSON,KS,87163
20209,WYANDOTTE,KS,5228550
21001,ADAIR,KY,934649
21003,ALLEN,KY,1353193
21005,ANDERSON,KY,1169616
21007,BALLARD,KY,353430
21009,BARREN,KY,3107304
21011,BATH,KY,346099
21013,BELL,KY,4493689
21015,BOONE,KY,7403176
21017,BOURBON,KY,1002884
21019,BOYD,KY,5259919
21021,BOYLE,KY,2316360
21023,BRACKEN,KY,171554
21025,BREATHITT,KY,1540421
21027,BRECKINRIDGE,KY,920519
21029,BULLITT,KY,2966830
21031,BUTLER,KY,1075736
21033,CALDWELL,KY,1140820
21035,CALLOWAY,KY,2090834
21037,CAMPBELL,KY,4895351
21039,CARLISLE,KY,210647
21041,CARROLL,KY,819833
21043,CARTER,KY,1376137
21045,CASEY,KY,570263
21047,CHRISTIAN,KY,3070321
21049,CLARK,KY,2557341
21051,CLAY,KY,3000547
21053,CLINTON,KY,1472611
21055,CRITTENDEN,KY,1105543
21057,CUMBERLAND,KY,587196
21059,DAVIESS,KY,5462956
21061,EDMONSON,KY,427943
21063,ELLIOTT,KY,270749
21065,ESTILL,KY,928302
21067,FAYETTE,KY,11564205
21069,FLEMING,KY,674001
21071,FLOYD,KY,6765776
21073,FRANKLIN,KY,2356759
21075,FULTON,KY,685167
21077,GALLATIN,KY,306379
21079,GARRARD,KY,608759
21081,GRANT,KY,2316541
21083,GRAVES,KY,2011051
21085,GRAYSON,KY,1939707
21087,GREEN,KY,441014
21089,GREENUP,KY,2260834
21091,HANCOCK,KY,128303
21093,HARDIN,KY,3748930
21095,HARLAN,KY,2368979
21097,HARRISON,KY,786101
21099,HART,KY,510253
21101,HENDERSON,KY,3721556
21103,HENRY,KY,574097
21105,HICKMAN,KY,136794
21107,HOPKINS,KY,4508697
21109,JACKSON,KY,634974
21111,JEFFERSON,KY,44014889
21113,JESSAMINE,KY,2414207
21115,JOHNSON,KY,3560364
21117,KENTON,KY,8456799
21119,KNOTT,KY,680964
21121,KNOX,KY,1991948
21123,LARUE,KY,542280
21125,LAUREL,KY,3738230
21127,LAWRENCE,KY,1721967
21129,LEE,KY,1035880
21131,LESLIE,KY,1253873
21133,LETCHER,KY,2036921
21135,LEWIS,KY,542203
21137,LINCOLN,KY,1050709
21139,LIVINGSTON,KY,828356
21141,LOGAN,KY,1072586
21143,LYON,KY,520313
21145,MCCRACKEN,KY,6971419
21147,MCCREARY,KY,1100167
21149,MCLEAN,KY,227116
21151,MADISON,KY,4327980
21153,MAGOFFIN,KY,581206
21155,MARION,KY,995671
21157,MARSHALL,KY,1980834
21159,MARTIN,KY,709924
21161,MASON,KY,927810
21163,MEADE,KY,795004
21165,MENIFEE,KY,228829
21167,MERCER,KY,1051384
21169,METCALFE,KY,286906
21171,MONROE,KY,894470
21173,MONTGOMERY,KY,2164564
21175,MORGAN,KY,580461
21177,MUHLENBERG,KY,2599321
21179,NELSON,KY,2305797
21181,NICHOLAS,KY,241801
21183,OHIO,KY,1540170
21185,OLDHAM,KY,1676999
21187,OWEN,KY,374390
21189,OWSLEY,KY,564603
21191,PENDLETON,KY,372074
21193,PERRY,KY,5036172
21195,PIKE,KY,9540731
21197,POWELL,KY,896270
21199,PULASKI,KY,4149177
21203,ROCKCASTLE,KY,1754660
21205,ROWAN,KY,1144731
21207,RUSSELL,KY,1321097
21209,SCOTT,KY,2092224
21211,SHELBY,KY,1787490
21213,SIMPSON,KY,1238126
21215,SPENCER,KY,572581
21217,TAYLOR,KY,1315507
21219,TODD,KY,462083
21221,TRIGG,KY,700151
21223,TRIMBLE,KY,169570
21225,UNION,KY,1186826
21227,WARREN,KY,5245724
21229,WASHINGTON,KY,275541
21231,WAYNE,KY,1283753
21233,WEBSTER,KY,809403
21235,WHITLEY,KY,6811084
21237,WOLFE,KY,671150
21239,WOODFORD,KY,789037
22001,ACADIA,LA,2441138
22003,ALLEN,LA,1237554
22005,ASCENSION,LA,5023590
22007,ASSUMPTION,LA,266930
22009,AVOYELLES,LA,1935266
22011,BEAUREGARD,LA,1200511
22013,BIENVILLE,LA,305784
22015,BOSSIER,LA,3459936
22017,CADDO,LA,10561076
22019,CALCASIEU,LA,8005055
22021,CALDWELL,LA,515141
22023,CAMERON,LA,3200
22025,CATAHOULA,LA,481733
22027,CLAIBORNE,LA,775594
22029,CONCORDIA,LA,737482
22031,DE SOTO,LA,531361
22033,EAST BATON ROUGE,LA,19884274
22035,EAST CARROLL,LA,157247
22037,EAST FELICIANA,LA,418636
22039,EVANGELINE,LA,2439476
22041,FRANKLIN,LA,609559
22043,GRANT,LA,307430
22045,IBERIA,LA,3055867
22047,IBERVILLE,LA,1526040
22049,JACKSON,LA,489840
22051,JEFFERSON,LA,27140193
22053,JEFFERSON DAVIS,LA,1614251
22055,LAFAYETTE,LA,12377164
22057,LAFOURCHE,LA,4119666
22059,LA SALLE,LA,767136
22061,LINCOLN,LA,1165814
22063,LIVINGSTON,LA,7558599
22065,MADISON,LA,289217
22067,MOREHOUSE,LA,872320
22069,NATCHITOCHES,LA,888713
22071,ORLEANS,LA,7148240
22073,OUACHITA,LA,5046216
22075,PLAQUEMINES,LA,263439
22077,POINTE COUPEE,LA,718894
22079,RAPIDES,LA,7405516
22081,RED RIVER,LA,399447
22083,RICHLAND,LA,769209
22085,SABINE,LA,810633
22087,SAINT BERNARD,LA,2084926
22089,SAINT CHARLES,LA,2048481
22091,SAINT HELENA,LA,150777
22093,SAINT JAMES,LA,445671
22095,ST JOHN THE BAPTIST,LA,1409934
22097,SAINT LANDRY,LA,4861590
22099,SAINT MARTIN,LA,1780599
22101,SAINT MARY,LA,2597160
22103,SAINT TAMMANY,LA,13637764
22105,TANGIPAHOA,LA,6547679
22107,TENSAS,LA,82620
22109,TERREBONNE,LA,4487327
22111,UNION,LA,471369
22113,VERMILION,LA,1839201
22115,VERNON,LA,1726389
22117,WASHINGTON,LA,2690156
22119,WEBSTER,LA,1656460
22121,WEST BATON ROUGE,LA,1027034
22123,WEST CARROLL,LA,272057
22125,WEST FELICIANA,LA,222667
22127,WINN,LA,611356
23001,ANDROSCOGGIN,ME,5030733
23003,AROOSTOOK,ME,3017944
23005,CUMBERLAND,ME,10878284
23007,FRANKLIN,ME,1290921
23009,HANCOCK,ME,2254497
23011,KENNEBEC,ME,6047633
23013,KNOX,ME,1552493
23015,LINCOLN,ME,1272583
23017,OXFORD,ME,2108256
23019,PENOBSCOT,ME,8531533
23021,PISCATAQUIS,ME,848023
23023,SAGADAHOC,ME,1266016
23025,SOMERSET,ME,2712841
23027,WALDO,ME,1410406
23029,WASHINGTON,ME,1571349
23031,YORK,ME,7033240
24001,ALLEGANY,MD,4247704
24003,ANNE ARUNDEL,MD,17794264
24005,BALTIMORE,MD,30346224
24009,CALVERT,MD,3878629
24011,CAROLINE,MD,792554
24013,CARROLL,MD,5129078
24015,CECIL,MD,5161716
24017,CHARLES,MD,4987255
24019,DORCHESTER,MD,851777
24021,FREDERICK,MD,6867947
24023,GARRETT,MD,1004054
24025,HARFORD,MD,10160670
24027,HOWARD,MD,6590348
24029,KENT,MD,1188251
24031,MONTGOMERY,MD,14861660
24033,PRINCE GEORGES,MD,14279754
24035,QUEEN ANNES,MD,1430255
24037,SAINT MARYS,MD,3471539
24039,SOMERSET,MD,568657
24041,TALBOT,MD,1225930
24043,WASHINGTON,MD,5924823
24045,WICOMICO,MD,4286850
24047,WORCESTER,MD,2287639
24510,BALTIMORE CITY,MD,19103072
25001,BARNSTABLE,MA,7346723
25003,BERKSHIRE,MA,4657659
25005,BRISTOL,MA,19227872
25007,DUKES,MA,619636
25009,ESSEX,MA,24425697
25011,FRANKLIN,MA,1902141
25013,HAMPDEN,MA,17376346
25015,HAMPSHIRE,MA,4913839
25017,MIDDLESEX,MA,29127665
25019,NANTUCKET,MA,220051
25021,NORFOLK,MA,15606460
25023,PLYMOUTH,MA,15784122
25025,SUFFOLK,MA,14652762
25027,WORCESTER,MA,27176414
26001,ALCONA,MI,302933
26003,ALGER,MI,355284
26005,ALLEGAN,MI,2785527
26007,ALPENA,MI,1493887
26009,ANTRIM,MI,678907
26011,ARENAC,MI,803496
26013,BARAGA,MI,378524
26015,BARRY,MI,1443625
26017,BAY,MI,5124975
26019,BENZIE,MI,689376
26021,BERRIEN,MI,6329357
26023,BRANCH,MI,1344807
26025,CALHOUN,MI,7377088
26027,CASS,MI,820484
26029,CHARLEVOIX,MI,967889
26031,CHEBOYGAN,MI,1376300
26033,CHIPPEWA,MI,1495637
26035,CLARE,MI,2047926
26037,CLINTON,MI,2202441
26039,CRAWFORD,MI,969360
26041,DELTA,MI,1718078
26043,DICKINSON,MI,1536044
26045,EATON,MI,4260078
26047,EMMET,MI,1533486
26049,GENESEE,MI,21319033
26051,GLADWIN,MI,1586777
26053,GOGEBIC,MI,588081
26055,GRAND TRAVERSE,MI,4196928
26057,GRATIOT,MI,1253841
26059,HILLSDALE,MI,1269725
26061,HOUGHTON,MI,1248340
26063,HURON,MI,1222677
26065,INGHAM,MI,10144295
26067,IONIA,MI,1592971
26069,IOSCO,MI,1762116
26071,IRON,MI,523353
26073,ISABELLA,MI,2084613
26075,JACKSON,MI,6388727
26077,KALAMAZOO,MI,9065283
26079,KALKASKA,MI,784873
26081,KENT,MI,18260936
26085,LAKE,MI,273079
26087,LAPEER,MI,3078771
26089,LEELANAU,MI,231123
26091,LENAWEE,MI,3802947
26093,LIVINGSTON,MI,4837014
26095,LUCE,MI,436279
26097,MACKINAC,MI,374780
26099,MACOMB,MI,40770742
26101,MANISTEE,MI,1282845
26103,MARQUETTE,MI,2240463
26105,MASON,MI,1677156
26107,MECOSTA,MI,1666051
26109,MENOMINEE,MI,575871
26111,MIDLAND,MI,4539327
26113,MISSAUKEE,MI,293813
26115,MONROE,MI,7390070
26117,MONTCALM,MI,2785397
26119,MONTMORENCY,MI,612841
26121,MUSKEGON,MI,9704836
26123,NEWAYGO,MI,2402724
26125,OAKLAND,MI,44076561
26127,OCEANA,MI,1096744
26129,OGEMAW,MI,2738581
26131,ONTONAGON,MI,180086
26133,OSCEOLA,MI,870981
26135,OSCODA,MI,507369
26137,OTSEGO,MI,1401104
26139,OTTAWA,MI,5803734
26141,PRESQUE ISLE,MI,378899
26143,ROSCOMMON,MI,1845624
26145,SAGINAW,MI,8715773
26147,SAINT CLAIR,MI,7500274
26149,SAINT JOSEPH,MI,2484130
26151,SANILAC,MI,1188249
26153,SCHOOLCRAFT,MI,484451
26155,SHIAWASSEE,MI,3161071
26157,TUSCOLA,MI,1646727
26159,VAN BUREN,MI,3702120
26161,WASHTENAW,MI,9023251
26163,WAYNE,MI,88296166
26165,WEXFORD,MI,2105077
27001,AITKIN,MN,520527
27003,ANOKA,MN,8252441
27005,BECKER,MN,660719
27007,BELTRAMI,MN,800643
27009,BENTON,MN,713580
27011,BIG STONE,MN,148703
27013,BLUE EARTH,MN,1267232
27015,BROWN,MN,513366
27017,CARLTON,MN,1423120
27019,CARVER,MN,1492337
27021,CASS,MN,416083
27023,CHIPPEWA,MN,186829
27025,CHISAGO,MN,936756
27027,CLAY,MN,1041873
27029,CLEARWATER,MN,200596
27031,COOK,MN,174266
27033,COTTONWOOD,MN,214207
27035,CROW WING,MN,1829576
27037,DAKOTA,MN,7749734
27039,DODGE,MN,96349
27041,DOUGLAS,MN,995686
27043,FARIBAULT,MN,216067
27045,FILLMORE,MN,217310
27047,FREEBORN,MN,653900
27049,GOODHUE,MN,1014772
27051,GRANT,MN,99654
27053,HENNEPIN,MN,27918821
27055,HOUSTON,MN,270129
27057,HUBBARD,MN,514947
27059,ISANTI,MN,1253231
27061,ITASCA,MN,1441949
27063,JACKSON,MN,90777
27065,KANABEC,MN,463056
27067,KANDIYOHI,MN,664759
27069,KITTSON,MN,49784
27071,KOOCHICHING,MN,415670
27073,LAC QUI PARLE,MN,88969
27075,LAKE,MN,226056
27077,LAKE OF THE WOODS,MN,99350
27079,LE SUEUR,MN,224376
27081,LINCOLN,MN,88163
27083,LYON,MN,426971
27085,MCLEOD,MN,1021582
27087,MAHNOMEN,MN,105431
27089,MARSHALL,MN,52777
27091,MARTIN,MN,621874
27093,MEEKER,MN,332295
27095,MILLE LACS,MN,1310000
27097,MORRISON,MN,702443
27099,MOWER,MN,796160
27101,MURRAY,MN,52809
27103,NICOLLET,MN,220793
27105,NOBLES,MN,291536
27107,NORMAN,MN,114594
27109,OLMSTED,MN,3543349
27111,OTTER TAIL,MN,1121507
27113,PENNINGTON,MN,515609
27115,PINE,MN,658664
27117,PIPESTONE,MN,223746
27119,POLK,MN,659167
27121,POPE,MN,204043
27123,RAMSEY,MN,12340728
27125,RED LAKE,MN,27717
27127,REDWOOD,MN,213403
27129,RENVILLE,MN,158384
27131,RICE,MN,1147719
27133,ROCK,MN,207937
27135,ROSEAU,MN,335879
27137,SAINT LOUIS,MN,7839367
27139,SCOTT,MN,1965647
27141,SHERBURNE,MN,1434794
27143,SIBLEY,MN,172207
27145,STEARNS,MN,2941885
27147,STEELE,MN,776473
27149,STEVENS,MN,113626
27151,SWIFT,MN,129579
27153,TODD,MN,566701
27155,TRAVERSE,MN,69890
27157,WABASHA,MN,254929
27159,WADENA,MN,470359
27161,WASECA,MN,278764
27163,WASHINGTON,MN,5793948
27165,WATONWAN,MN,165666
27167,WILKIN,MN,144791
27169,WINONA,MN,1306016
27171,WRIGHT,MN,2594577
27173,YELLOW MEDICINE,MN,168249
28001,ADAMS,MS,2388191
28003,ALCORN,MS,3179590
28005,AMITE,MS,260044
28007,ATTALA,MS,675823
28009,BENTON,MS,170027
28011,BOLIVAR,MS,681154
28013,CALHOUN,MS,475021
28015,CARROLL,MS,47557
28017,CHICKASAW,MS,943826
28019,CHOCTAW,MS,236671
28021,CLAIBORNE,MS,196843
28023,CLARKE,MS,794586
28025,CLAY,MS,835887
28027,COAHOMA,MS,1103253
28029,COPIAH,MS,892757
28031,COVINGTON,MS,828786
28033,DESOTO,MS,5449888
28035,FORREST,MS,6515083
28037,FRANKLIN,MS,347160
28039,GEORGE,MS,1494674
28041,GREENE,MS,280824
28043,GRENADA,MS,1046614
28045,HANCOCK,MS,1761456
28047,HARRISON,MS,10027254
28049,HINDS,MS,5357765
28051,HOLMES,MS,353611
28053,HUMPHREYS,MS,103260
28057,ITAWAMBA,MS,1524181
28059,JACKSON,MS,7282602
28061,JASPER,MS,268171
28063,JEFFERSON,MS,76727
28065,JEFFERSON DAVIS,MS,474791
28067,JONES,MS,3748627
28069,KEMPER,MS,298431
28071,LAFAYETTE,MS,1083441
28073,LAMAR,MS,1161127
28075,LAUDERDALE,MS,5163656
28077,LAWRENCE,MS,578663
28079,LEAKE,MS,798673
28081,LEE,MS,3789932
28083,LEFLORE,MS,967870
28085,LINCOLN,MS,1452464
28087,LOWNDES,MS,2439719
28089,MADISON,MS,3398940
28091,MARION,MS,2532374
28093,MARSHALL,MS,399303
28095,MONROE,MS,1340129
28097,MONTGOMERY,MS,360628
28099,NESHOBA,MS,2173410
28101,NEWTON,MS,549503
28103,NOXUBEE,MS,272614
28105,OKTIBBEHA,MS,1084024
28107,PANOLA,MS,1201084
28109,PEARL RIVER,MS,2848727
28111,PERRY,MS,448617
28113,PIKE,MS,2401708
28115,PONTOTOC,MS,968619
28117,PRENTISS,MS,887767
28119,QUITMAN,MS,174733
28121,RANKIN,MS,5309160
28123,SCOTT,MS,917044
28125,SHARKEY,MS,128294
28127,SIMPSON,MS,1654846
28129,SMITH,MS,228461
28131,STONE,MS,1229580
28133,SUNFLOWER,MS,559214
28135,TALLAHATCHIE,MS,216086
28137,TATE,MS,1013581
28139,TIPPAH,MS,962913
28141,TISHOMINGO,MS,1590407
28143,TUNICA,MS,170621
28145,UNION,MS,1113327
28147,WALTHALL,MS,696217
28149,WARREN,MS,2112467
28151,WASHINGTON,MS,1499783
28153,WAYNE,MS,1706726
28155,WEBSTER,MS,499847
28157,WILKINSON,MS,377077
28159,WINSTON,MS,591314
28161,YALOBUSHA,MS,221440
28163,YAZOO,MS,681756
29001,ADAIR,MO,1237366
29003,ANDREW,MO,325057
29005,ATCHISON,MO,153623
29007,AUDRAIN,MO,697950
29009,BARRY,MO,2253925
29011,BARTON,MO,605774
29013,BATES,MO,776386
29015,BENTON,MO,1008391
29017,BOLLINGER,MO,370059
29019,BOONE,MO,4452687
29021,BUCHANAN,MO,5535801
29023,BUTLER,MO,4211649
29025,CALDWELL,MO,111200
29027,CALLAWAY,MO,963457
29029,CAMDEN,MO,2178664
29031,CAPE GIRARDEAU,MO,4069802
29033,CARROLL,MO,403544
29035,CARTER,MO,161497
29037,CASS,MO,3787206
29039,CEDAR,MO,628110
29041,CHARITON,MO,129711
29043,CHRISTIAN,MO,2949290
29045,CLARK,MO,229909
29047,CLAY,MO,8399046
29049,CLINTON,MO,850241
29051,COLE,MO,2794082
29053,COOPER,MO,410557
29055,CRAWFORD,MO,1075839
29057,DADE,MO,319507
29059,DALLAS,MO,564086
29061,DAVIESS,MO,108199
29063,DEKALB,MO,106434
29065,DENT,MO,937264
29067,DOUGLAS,MO,487946
29069,DUNKLIN,MO,2741400
29071,FRANKLIN,MO,4771917
29073,GASCONADE,MO,630273
29075,GENTRY,MO,182530
29077,GREENE,MO,14664662
29079,GRUNDY,MO,418420
29081,HARRISON,MO,402770
29083,HENRY,MO,1497973
29085,HICKORY,MO,249627
29087,HOLT,MO,61957
29089,HOWARD,MO,146537
29091,HOWELL,MO,2819283
29093,IRON,MO,500276
29095,JACKSON,MO,23724471
29097,JASPER,MO,6014851
29099,JEFFERSON,MO,7706836
29101,JOHNSON,MO,1092624
29103,KNOX,MO,3367
29105,LACLEDE,MO,1693064
29107,LAFAYETTE,MO,926570
29109,LAWRENCE,MO,1482883
29111,LEWIS,MO,282653
29113,LINCOLN,MO,1625737
29115,LINN,MO,484153
29117,LIVINGSTON,MO,945836
29119,MCDONALD,MO,738089
29121,MACON,MO,501469
29123,MADISON,MO,629627
29125,MARIES,MO,320773
29127,MARION,MO,1370539
29129,MERCER,MO,69260
29131,MILLER,MO,579551
29133,MISSISSIPPI,MO,952210
29135,MONITEAU,MO,248186
29137,MONROE,MO,151994
29139,MONTGOMERY,MO,408037
29141,MORGAN,MO,799923
29143,NEW MADRID,MO,522186
29145,NEWTON,MO,1366589
29147,NODAWAY,MO,476777
29149,OREGON,MO,398727
29151,OSAGE,MO,108747
29153,OZARK,MO,330031
29155,PEMISCOT,MO,1660844
29157,PERRY,MO,487777
29159,PETTIS,MO,1200496
29161,PHELPS,MO,3723218
29163,PIKE,MO,786141
29165,PLATTE,MO,2640947
29167,POLK,MO,1673309
29169,PULASKI,MO,1673327
29171,PUTNAM,MO,102736
29173,RALLS,MO,1500
29175,RANDOLPH,MO,824404
29177,RAY,MO,999284
29179,REYNOLDS,MO,237419
29181,RIPLEY,MO,1110587
29183,SAINT CHARLES,MO,10053423
29185,SAINT CLAIR,MO,201171
29186,SAINTE GENEVIEVE,MO,284353
29187,SAINT FRANCOIS,MO,5851537
29189,SAINT LOUIS,MO,31253601
29195,SALINE,MO,790969
29199,SCOTLAND,MO,153859
29201,SCOTT,MO,3150857
29203,SHANNON,MO,220914
29205,SHELBY,MO,141193
29207,STODDARD,MO,1911057
29209,STONE,MO,1401593
29211,SULLIVAN,MO,221523
29213,TANEY,MO,2610771
29215,TEXAS,MO,792104
29217,VERNON,MO,864587
29219,WARREN,MO,905967
29221,WASHINGTON,MO,1496581
29223,WAYNE,MO,558620
29225,WEBSTER,MO,1517666
29227,WORTH,MO,37820
29229,WRIGHT,MO,1045047
29510,SAINT LOUIS CITY,MO,7640078
30001,BEAVERHEAD,MT,257313
30003,BIG HORN,MT,209041
30005,BLAINE,MT,87966
30007,BROADWATER,MT,90871
30009,CARBON,MT,97786
30011,CARTER,MT,100
30013,CASCADE,MT,3488483
30015,CHOUTEAU,MT,114866
30017,CUSTER,MT,501513
30019,DANIELS,MT,32343
30021,DAWSON,MT,314063
30023,DEER LODGE,MT,337756
30025,FALLON,MT,94357
30027,FERGUS,MT,326279
30029,FLATHEAD,MT,4580615
30031,GALLATIN,MT,1896310
30033,GARFIELD,MT,4200
30035,GLACIER,MT,345360
30039,GRANITE,MT,23033
30041,HILL,MT,706843
30043,JEFFERSON,MT,107610
30045,JUDITH BASIN,MT,200
30047,LAKE,MT,1329837
30049,LEWIS AND CLARK,MT,2241363
30051,LIBERTY,MT,19857
30053,LINCOLN,MT,1193116
30057,MADISON,MT,140514
30059,MEAGHER,MT,41889
30061,MINERAL,MT,192354
30063,MISSOULA,MT,4159206
30065,MUSSELSHELL,MT,127300
30067,PARK,MT,515253
30071,PHILLIPS,MT,102176
30073,PONDERA,MT,198233
30075,POWDER RIVER,MT,40414
30077,POWELL,MT,224604
30081,RAVALLI,MT,1706149
30083,RICHLAND,MT,259140
30085,ROOSEVELT,MT,168704
30087,ROSEBUD,MT,128849
30089,SANDERS,MT,524441
30091,SHERIDAN,MT,81266
30093,SILVER BOW,MT,1627450
30095,STILLWATER,MT,166760
30097,SWEET GRASS,MT,69986
30099,TETON,MT,185363
30101,TOOLE,MT,138241
30105,VALLEY,MT,326697
30107,WHEATLAND,MT,22800
30111,YELLOWSTONE,MT,5546052
31001,ADAMS,NE,791005
31003,ANTELOPE,NE,63086
31011,BOONE,NE,166740
31013,BOX BUTTE,NE,306581
31015,BOYD,NE,35286
31017,BROWN,NE,82521
31019,BUFFALO,NE,785750
31021,BURT,NE,120903
31023,BUTLER,NE,101121
31025,CASS,NE,305260
31027,CEDAR,NE,61311
31029,CHASE,NE,95776
31031,CHERRY,NE,189871
31033,CHEYENNE,NE,369517
31035,CLAY,NE,24317
31037,COLFAX,NE,51741
31039,CUMING,NE,133869
31041,CUSTER,NE,284793
31043,DAKOTA,NE,375737
31045,DAWES,NE,246943
31047,DAWSON,NE,410460
31049,DEUEL,NE,34071
31051,DIXON,NE,20171
31053,DODGE,NE,1343894
31055,DOUGLAS,NE,14034353
31057,DUNDY,NE,79000
31059,FILLMORE,NE,114420
31061,FRANKLIN,NE,121433
31065,FURNAS,NE,144310
31067,GAGE,NE,670520
31069,GARDEN,NE,43661
31071,GARFIELD,NE,73236
31075,GRANT,NE,300
31077,GREELEY,NE,11700
31079,HALL,NE,1654586
31081,HAMILTON,NE,103064
31083,HARLAN,NE,55071
31089,HOLT,NE,241803
31093,HOWARD,NE,155737
31095,JEFFERSON,NE,183417
31097,JOHNSON,NE,145606
31099,KEARNEY,NE,76820
31101,KEITH,NE,312259
31105,KIMBALL,NE,199391
31107,KNOX,NE,181854
31109,LANCASTER,NE,7060550
31111,LINCOLN,NE,1332721
31119,MADISON,NE,815291
31121,MERRICK,NE,136421
31123,MORRILL,NE,98229
31125,NANCE,NE,66000
31127,NEMAHA,NE,274137
31129,NUCKOLLS,NE,184543
31131,OTOE,NE,434699
31133,PAWNEE,NE,84909
31135,PERKINS,NE,40143
31137,PHELPS,NE,214676
31139,PIERCE,NE,75757
31141,PLATTE,NE,609251
31143,POLK,NE,60177
31145,RED WILLOW,NE,333257
31147,RICHARDSON,NE,358494
31151,SALINE,NE,343440
31153,SARPY,NE,3620097
31155,SAUNDERS,NE,368944
31157,SCOTTS BLUFF,NE,1356827
31159,SEWARD,NE,335207
31161,SHERIDAN,NE,69401
31163,SHERMAN,NE,22849
31169,THAYER,NE,122016
31173,THURSTON,NE,77614
31175,VALLEY,NE,182854
31177,WASHINGTON,NE,343364
31179,WAYNE,NE,119074
31181,WEBSTER,NE,109629
31185,YORK,NE,462037
32001,CHURCHILL,NV,1344709
32003,CLARK,NV,106444420
32005,DOUGLAS,NV,2413284
32007,ELKO,NV,1726574
32011,EUREKA,NV,100
32013,HUMBOLDT,NV,637306
32015,LANDER,NV,221244
32017,LINCOLN,NV,228941
32019,LYON,NV,2192808
32021,MINERAL,NV,310730
32023,NYE,NV,4222549
32027,PERSHING,NV,74425
32031,WASHOE,NV,19059400
32033,WHITE PINE,NV,762751
32510,CARSON CITY,NV,3586455
33001,BELKNAP,NH,2066994
33003,CARROLL,NH,1586273
33005,CHESHIRE,NH,2132431
33007,COOS,NH,1174274
33009,GRAFTON,NH,3386297
33011,HILLSBOROUGH,NH,9791532
33013,MERRIMACK,NH,5390870
33015,ROCKINGHAM,NH,9027397
33017,STRAFFORD,NH,4461244
33019,SULLIVAN,NH,1119841
34001,ATLANTIC,NJ,10517300
34003,BERGEN,NJ,16924468
34005,BURLINGTON,NJ,14120482
34007,CAMDEN,NJ,21718117
34009,CAPE MAY,NJ,3893198
34011,CUMBERLAND,NJ,5968544
34013,ESSEX,NJ,13357256
34015,GLOUCESTER,NJ,12089704
34017,HUDSON,NJ,9425956
34019,HUNTERDON,NJ,2220487
34021,MERCER,NJ,7845673
34023,MIDDLESEX,NJ,19631269
34025,MONMOUTH,NJ,17398784
34027,MORRIS,NJ,9549967
34029,OCEAN,NJ,18258376
34031,PASSAIC,NJ,9178875
34033,SALEM,NJ,2349834
34035,SOMERSET,NJ,5008263
34037,SUSSEX,NJ,3964823
34039,UNION,NJ,10615735
34041,WARREN,NJ,2931468
35001,BERNALILLO,NM,28650286
35003,CATRON,NM,300
35005,CHAVES,NM,2560167
35006,CIBOLA,NM,442169
35007,COLFAX,NM,633872
35009,CURRY,NM,1500214
35011,DE BACA,NM,98771
35013,DONA ANA,NM,4994662
35015,EDDY,NM,2419347
35017,GRANT,NM,1508601
35019,GUADALUPE,NM,99343
35023,HIDALGO,NM,81900
35025,LEA,NM,2238936
35027,LINCOLN,NM,1051359
35028,LOS ALAMOS,NM,507313
35029,LUNA,NM,867547
35031,MCKINLEY,NM,1016584
35035,OTERO,NM,1975919
35037,QUAY,NM,367577
35039,RIO ARRIBA,NM,1884346
35041,ROOSEVELT,NM,527727
35043,SANDOVAL,NM,3475084
35045,SAN JUAN,NM,3196532
35047,SAN MIGUEL,NM,1296746
35049,SANTA FE,NM,6297921
35051,SIERRA,NM,888249
35053,SOCORRO,NM,739446
35055,TAOS,NM,1439957
35057,TORRANCE,NM,303410
35059,UNION,NM,75517
35061,VALENCIA,NM,3494217
36001,ALBANY,NY,7537104
36003,ALLEGANY,NY,1603960
36005,BRONX,NY,19134097
36007,BROOME,NY,8097210
36009,CATTARAUGUS,NY,3352433
36011,CAYUGA,NY,2008395
36013,CHAUTAUQUA,NY,6131203
36015,CHEMUNG,NY,3184150
36017,CHENANGO,NY,1634069
36019,CLINTON,NY,3035277
36021,COLUMBIA,NY,1990431
36023,CORTLAND,NY,1580076
36025,DELAWARE,NY,1771752
36027,DUTCHESS,NY,8562185
36029,ERIE,NY,44663833
36031,ESSEX,NY,919048
36033,FRANKLIN,NY,1487856
36035,FULTON,NY,1789076
36037,GENESEE,NY,2068757
36039,GREENE,NY,1975549
36041,HAMILTON,NY,1986
36043,HERKIMER,NY,2046223
36045,JEFFERSON,NY,2960037
36047,KINGS,NY,27608183
36049,LEWIS,NY,479680
36051,LIVINGSTON,NY,1705559
36053,MADISON,NY,2263009
36055,MONROE,NY,24131633
36057,MONTGOMERY,NY,1893254
36059,NASSAU,NY,37397204
36061,NEW YORK,NY,30449170
36063,NIAGARA,NY,11005129
36065,ONEIDA,NY,8079545
36067,ONONDAGA,NY,17683792
36069,ONTARIO,NY,3526249
36071,ORANGE,NY,11818623
36073,ORLEANS,NY,1575993
36075,OSWEGO,NY,4159201
36077,OTSEGO,NY,2502534
36079,PUTNAM,NY,2139964
36081,QUEENS,NY,25257961
36083,RENSSELAER,NY,4349444
36085,RICHMOND,NY,15764999
36087,ROCKLAND,NY,6692594
36089,SAINT LAWRENCE,NY,3422539
36091,SARATOGA,NY,6027871
36093,SCHENECTADY,NY,3912811
36095,SCHOHARIE,NY,1047597
36097,SCHUYLER,NY,613449
36099,SENECA,NY,949304
36101,STEUBEN,NY,3127043
36103,SUFFOLK,NY,49311433
36105,SULLIVAN,NY,3892184
36107,TIOGA,NY,1039739
36109,TOMPKINS,NY,2641037
36111,ULSTER,NY,6195386
36113,WARREN,NY,2883709
36115,WASHINGTON,NY,1805053
36117,WAYNE,NY,2958316
36119,WESTCHESTER,NY,17217350
36121,WYOMING,NY,1285254
36123,YATES,NY,552184
37001,ALAMANCE,NC,5413008
37003,ALEXANDER,NC,1429709
37005,ALLEGHANY,NC,431163
37007,ANSON,NC,837560
37009,ASHE,NC,1139337
37011,AVERY,NC,1031264
37013,BEAUFORT,NC,2203141
37015,BERTIE,NC,504857
37017,BLADEN,NC,1995167
37019,BRUNSWICK,NC,6263013
37021,BUNCOMBE,NC,10525877
37023,BURKE,NC,6156164
37025,CABARRUS,NC,7139124
37027,CALDWELL,NC,5084127
37031,CARTERET,NC,3604931
37033,CASWELL,NC,381062
37035,CATAWBA,NC,9625039
37037,CHATHAM,NC,1353030
37039,CHEROKEE,NC,2079849
37041,CHOWAN,NC,370701
37043,CLAY,NC,531326
37045,CLEVELAND,NC,5422749
37047,COLUMBUS,NC,6386789
37049,CRAVEN,NC,5226633
37051,CUMBERLAND,NC,11063431
37053,CURRITUCK,NC,360689
37055,DARE,NC,1823782
37057,DAVIDSON,NC,6511135
37059,DAVIE,NC,1732021
37061,DUPLIN,NC,1866892
37063,DURHAM,NC,7261843
37065,EDGECOMBE,NC,1342522
37067,FORSYTH,NC,13300488
37069,FRANKLIN,NC,1554443
37071,GASTON,NC,11442324
37073,GATES,NC,149456
37075,GRAHAM,NC,450204
37077,GRANVILLE,NC,2067170
37079,GREENE,NC,350340
37081,GUILFORD,NC,16008608
37083,HALIFAX,NC,1980087
37085,HARNETT,NC,3854776
37087,HAYWOOD,NC,3198680
37089,HENDERSON,NC,5312126
37091,HERTFORD,NC,1224123
37093,HOKE,NC,987130
37097,IREDELL,NC,7708899
37099,JACKSON,NC,1674630
37101,JOHNSTON,NC,4952661
37103,JONES,NC,214467
37105,LEE,NC,3146891
37107,LENOIR,NC,3725553
37109,LINCOLN,NC,3349534
37111,MCDOWELL,NC,2371894
37113,MACON,NC,1457387
37115,MADISON,NC,683690
37117,MARTIN,NC,1220177
37119,MECKLENBURG,NC,19665201
37121,MITCHELL,NC,1216143
37123,MONTGOMERY,NC,1162404
37125,MOORE,NC,4980293
37127,NASH,NC,3838457
37129,NEW HANOVER,NC,9441574
37131,NORTHAMPTON,NC,210123
37133,ONSLOW,NC,5305954
37135,ORANGE,NC,2499794
37137,PAMLICO,NC,419417
37139,PASQUOTANK,NC,1477061
37141,PENDER,NC,1288800
37143,PERQUIMANS,NC,281655
37145,PERSON,NC,1802085
37147,PITT,NC,5973888
37149,POLK,NC,783377
37151,RANDOLPH,NC,4268576
37153,RICHMOND,NC,3457049
37155,ROBESON,NC,7491157
37157,ROCKINGHAM,NC,6461801
37159,ROWAN,NC,6424768
37161,RUTHERFORD,NC,3377664
37163,SAMPSON,NC,2419007
37165,SCOTLAND,NC,2676539
37167,STANLY,NC,3135591
37169,STOKES,NC,1959501
37171,SURRY,NC,5889576
37173,SWAIN,NC,708950
37175,TRANSYLVANIA,NC,1569670
37177,TYRRELL,NC,138800
37179,UNION,NC,4806081
37181,VANCE,NC,3211440
37183,WAKE,NC,20624051
37185,WARREN,NC,244941
37187,WASHINGTON,NC,424126
37189,WATAUGA,NC,1542753
37191,WAYNE,NC,4260504
37193,WILKES,NC,3811636
37195,WILSON,NC,3518759
37197,YADKIN,NC,1355591
37199,YANCEY,NC,1050494
38001,ADAMS,ND,108324
38003,BARNES,ND,267656
38005,BENSON,ND,8573
38009,BOTTINEAU,ND,65729
38011,BOWMAN,ND,45229
38015,BURLEIGH,ND,2204253
38017,CASS,ND,2550423
38019,CAVALIER,ND,35274
38021,DICKEY,ND,81560
38023,DIVIDE,ND,37586
38025,DUNN,ND,29714
38027,EDDY,ND,41714
38029,EMMONS,ND,57824
38031,FOSTER,ND,104163
38033,GOLDEN VALLEY,ND,25500
38035,GRAND FORKS,ND,1516289
38037,GRANT,ND,35786
38039,GRIGGS,ND,24357
38041,HETTINGER,ND,45271
38043,KIDDER,ND,26857
38045,LAMOURE,ND,25184
38047,LOGAN,ND,23000
38049,MCHENRY,ND,32014
38051,MCINTOSH,ND,75649
38053,MCKENZIE,ND,65521
38055,MCLEAN,ND,152134
38057,MERCER,ND,194830
38059,MORTON,ND,525081
38061,MOUNTRAIL,ND,89310
38063,NELSON,ND,23771
38067,PEMBINA,ND,113014
38069,PIERCE,ND,94671
38071,RAMSEY,ND,431597
38073,RANSOM,ND,97947
38075,RENVILLE,ND,13533
38077,RICHLAND,ND,189957
38079,ROLETTE,ND,216536
38081,SARGENT,ND,35757
38089,STARK,ND,633797
38093,STUTSMAN,ND,411411
38095,TOWNER,ND,18220
38097,TRAILL,ND,128631
38099,WALSH,ND,298540
38101,WARD,ND,974404
38103,WELLS,ND,79469
38105,WILLIAMS,ND,523314
39001,ADAMS,OH,1738870
39003,ALLEN,OH,3273711
39005,ASHLAND,OH,1148560
39007,ASHTABULA,OH,4119799
39009,ATHENS,OH,3043854
39011,AUGLAIZE,OH,1140133
39013,BELMONT,OH,4282142
39015,BROWN,OH,2132524
39017,BUTLER,OH,22543559
39019,CARROLL,OH,540890
39021,CHAMPAIGN,OH,1142719
39023,CLARK,OH,6355829
39025,CLERMONT,OH,9537971
39027,CLINTON,OH,2469676
39029,COLUMBIANA,OH,4013119
39031,COSHOCTON,OH,1055311
39033,CRAWFORD,OH,1690390
39035,CUYAHOGA,OH,38158480
39037,DARKE,OH,1093213
39039,DEFIANCE,OH,1121903
39041,DELAWARE,OH,5982472
39043,ERIE,OH,3200664
39045,FAIRFIELD,OH,5954857
39047,FAYETTE,OH,1507574
39049,FRANKLIN,OH,59329409
39051,FULTON,OH,1177295
39053,GALLIA,OH,2725881
39055,GEAUGA,OH,2105860
39057,GREENE,OH,5736894
39059,GUERNSEY,OH,2356253
39061,HAMILTON,OH,36307876
39063,HANCOCK,OH,2084321
39065,HARDIN,OH,1101556
39067,HARRISON,OH,427814
39069,HENRY,OH,530914
39071,HIGHLAND,OH,2484014
39073,HOCKING,OH,1351851
39075,HOLMES,OH,377983
39077,HURON,OH,2532157
39079,JACKSON,OH,3547259
39081,JEFFERSON,OH,3881833
39083,KNOX,OH,2465063
39085,LAKE,OH,9275443
39087,LAWRENCE,OH,3720061
39089,LICKING,OH,5385464
39091,LOGAN,OH,1767587
39093,LORAIN,OH,9692251
39095,LUCAS,OH,23448630
39097,MADISON,OH,1486451
39099,MAHONING,OH,10861414
39101,MARION,OH,2736740
39103,MEDINA,OH,6879799
39105,MEIGS,OH,1516018
39107,MERCER,OH,774299
39109,MIAMI,OH,3445868
39111,MONROE,OH,358731
39113,MONTGOMERY,OH,25025314
39115,MORGAN,OH,400894
39117,MORROW,OH,832194
39119,MUSKINGUM,OH,5056707
39121,NOBLE,OH,578696
39123,OTTAWA,OH,1255739
39125,PAULDING,OH,355731
39127,PERRY,OH,1825747
39129,PICKAWAY,OH,2544973
39131,PIKE,OH,1538090
39133,PORTAGE,OH,4589821
39135,PREBLE,OH,1760899
39137,PUTNAM,OH,770481
39139,RICHLAND,OH,4327571
39141,ROSS,OH,5039288
39143,SANDUSKY,OH,1807333
39145,SCIOTO,OH,5383728
39147,SENECA,OH,2270814
39149,SHELBY,OH,1514591
39151,STARK,OH,17068834
39153,SUMMIT,OH,24024331
39155,TRUMBULL,OH,11692119
39157,TUSCARAWAS,OH,3564436
39159,UNION,OH,1774000
39161,VAN WERT,OH,834389
39163,VINTON,OH,224329
39165,WARREN,OH,8353530
39167,WASHINGTON,OH,3334405
39169,WAYNE,OH,2954274
39171,WILLIAMS,OH,896630
39173,WOOD,OH,4244334
39175,WYANDOT,OH,460253
40001,ADAIR,OK,898257
40003,ALFALFA,OK,86813
40005,ATOKA,OK,606821
40007,BEAVER,OK,104266
40009,BECKHAM,OK,1816507
40011,BLAINE,OK,244131
40013,BRYAN,OK,2534494
40015,CADDO,OK,1480063
40017,CANADIAN,OK,4870439
40019,CARTER,OK,3133156
40021,CHEROKEE,OK,2580931
40023,CHOCTAW,OK,1109337
40025,CIMARRON,OK,51881
40027,CLEVELAND,OK,10068462
40029,COAL,OK,128694
40031,COMANCHE,OK,4741082
40033,COTTON,OK,143814
40035,CRAIG,OK,590267
40037,CREEK,OK,4043167
40039,CUSTER,OK,1329144
40041,DELAWARE,OK,1338956
40043,DEWEY,OK,167514
40045,ELLIS,OK,112374
40047,GARFIELD,OK,2363311
40049,GARVIN,OK,1633730
40051,GRADY,OK,1872599
40053,GRANT,OK,25071
40055,GREER,OK,434869
40057,HARMON,OK,185100
40059,HARPER,OK,124227
40061,HASKELL,OK,822980
40063,HUGHES,OK,582401
40065,JACKSON,OK,1425114
40067,JEFFERSON,OK,591747
40069,JOHNSTON,OK,717820
40071,KAY,OK,2358863
40073,KINGFISHER,OK,723720
40075,KIOWA,OK,509141
40077,LATIMER,OK,707883
40079,LE FLORE,OK,2948843
40081,LINCOLN,OK,1220607
40083,LOGAN,OK,1058499
40085,LOVE,OK,325779
40087,MCCLAIN,OK,2591513
40089,MCCURTAIN,OK,2461084
40091,MCINTOSH,OK,1371657
40093,MAJOR,OK,124829
40095,MARSHALL,OK,668523
40097,MAYES,OK,2947601
40099,MURRAY,OK,960524
40101,MUSKOGEE,OK,4116867
40103,NOBLE,OK,338870
40105,NOWATA,OK,284741
40107,OKFUSKEE,OK,529849
40109,OKLAHOMA,OK,43476610
40111,OKMULGEE,OK,1933613
40113,OSAGE,OK,715506
40115,OTTAWA,OK,1301407
40117,PAWNEE,OK,867833
40119,PAYNE,OK,3913226
40121,PITTSBURG,OK,2802078
40123,PONTOTOC,OK,2045101
40125,POTTAWATOMIE,OK,4728487
40127,PUSHMATAHA,OK,502551
40129,ROGER MILLS,OK,84502
40131,ROGERS,OK,4617583
40133,SEMINOLE,OK,1420149
40135,SEQUOYAH,OK,2343969
40137,STEPHENS,OK,3728160
40139,TEXAS,OK,803096
40141,TILLMAN,OK,486296
40143,TULSA,OK,39316168
40145,WAGONER,OK,2275370
40147,WASHINGTON,OK,2546724
40149,WASHITA,OK,146461
40151,WOODS,OK,401463
40153,WOODWARD,OK,801229
41001,BAKER,OR,1028001
41003,BENTON,OR,2509416
41005,CLACKAMAS,OR,20268151
41007,CLATSOP,OR,2566114
41009,COLUMBIA,OR,2221149
41011,COOS,OR,4514979
41013,CROOK,OR,968040
41015,CURRY,OR,1863364
41017,DESCHUTES,OR,6704406
41019,DOUGLAS,OR,6614441
41021,GILLIAM,OR,55403
41023,GRANT,OR,316267
41025,HARNEY,OR,316619
41027,HOOD RIVER,OR,936489
41029,JACKSON,OR,13478852
41031,JEFFERSON,OR,703843
41033,JOSEPHINE,OR,6505802
41035,KLAMATH,OR,3471564
41037,LAKE,OR,530407
41039,LANE,OR,18332100
41041,LINCOLN,OR,3544704
41043,LINN,OR,6476682
41045,MALHEUR,OR,1689423
41047,MARION,OR,13069420
41049,MORROW,OR,176457
41051,MULTNOMAH,OR,38240053
41053,POLK,OR,2326414
41057,TILLAMOOK,OR,1838100
41059,UMATILLA,OR,3226230
41061,UNION,OR,1463391
41063,WALLOWA,OR,282084
41065,WASCO,OR,1849616
41067,WASHINGTON,OR,18924191
41069,WHEELER,OR,76
41071,YAMHILL,OR,3895196
42001,ADAMS,PA,2423073
42003,ALLEGHENY,PA,48388036
42005,ARMSTRONG,PA,2580254
42007,BEAVER,PA,5772441
42009,BEDFORD,PA,1576077
42011,BERKS,PA,9077766
42013,BLAIR,PA,6274294
42015,BRADFORD,PA,2136140
42017,BUCKS,PA,23676941
42019,BUTLER,PA,5710488
42021,CAMBRIA,PA,8903871
42023,CAMERON,PA,284566
42025,CARBON,PA,2850208
42027,CENTRE,PA,2911815
42029,CHESTER,PA,10780523
42031,CLARION,PA,1078675
42033,CLEARFIELD,PA,2810128
42035,CLINTON,PA,1472723
42037,COLUMBIA,PA,2015063
42039,CRAWFORD,PA,3581663
42041,CUMBERLAND,PA,7925277
42043,DAUPHIN,PA,8633437
42045,DELAWARE,PA,23447848
42047,ELK,PA,1128333
42049,ERIE,PA,10897679
42051,FAYETTE,PA,8334221
42053,FOREST,PA,145196
42055,FRANKLIN,PA,3858592
42057,FULTON,PA,252366
42059,GREENE,PA,1374033
42061,HUNTINGDON,PA,911639
42063,INDIANA,PA,2714257
42065,JEFFERSON,PA,1566624
42067,JUNIATA,PA,695371
42069,LACKAWANNA,PA,11289983
42071,LANCASTER,PA,14476319
42073,LAWRENCE,PA,4639157
42075,LEBANON,PA,3097876
42077,LEHIGH,PA,7874314
42079,LUZERNE,PA,13019713
42081,LYCOMING,PA,3825603
42083,MCKEAN,PA,1770467
42085,MERCER,PA,5805052
42087,MIFFLIN,PA,1797950
42089,MONROE,PA,6257666
42091,MONTGOMERY,PA,27664654
42093,MONTOUR,PA,447294
42095,NORTHAMPTON,PA,7597588
42097,NORTHUMBERLAND,PA,3471136
42099,PERRY,PA,1462550
42101,PHILADELPHIA,PA,56292507
42103,PIKE,PA,2038630
42105,POTTER,PA,585944
42107,SCHUYLKILL,PA,5630513
42109,SNYDER,PA,918650
42111,SOMERSET,PA,2375513
42113,SULLIVAN,PA,94523
42115,SUSQUEHANNA,PA,981326
42117,TIOGA,PA,1304794
42119,UNION,PA,857266
42121,VENANGO,PA,1906949
42123,WARREN,PA,1126909
42125,WASHINGTON,PA,7492774
42127,WAYNE,PA,1983439
42129,WESTMORELAND,PA,14274042
42131,WYOMING,PA,1053429
42133,YORK,PA,11629719
44001,BRISTOL,RI,1096261
44003,KENT,RI,8169561
44005,NEWPORT,RI,2349830
44007,PROVIDENCE,RI,20562431
44009,WASHINGTON,RI,4262509
45001,ABBEVILLE,SC,479033
45003,AIKEN,SC,5434401
45005,ALLENDALE,SC,261730
45007,ANDERSON,SC,8808095
45009,BAMBERG,SC,491677
45011,BARNWELL,SC,1112344
45013,BEAUFORT,SC,3485140
45015,BERKELEY,SC,4892497
45017,CALHOUN,SC,181711
45019,CHARLESTON,SC,85172296
45021,CHEROKEE,SC,3663144
45023,CHESTER,SC,1074249
45025,CHESTERFIELD,SC,2484341
45027,CLARENDON,SC,1452841
45029,COLLETON,SC,1801857
45031,DARLINGTON,SC,5766820
45033,DILLON,SC,1758935
45035,DORCHESTER,SC,5050220
45037,EDGEFIELD,SC,232609
45039,FAIRFIELD,SC,569546
45041,FLORENCE,SC,8634994
45043,GEORGETOWN,SC,3041600
45045,GREENVILLE,SC,24472094
45047,GREENWOOD,SC,3008581
45049,HAMPTON,SC,748414
45051,HORRY,SC,14594640
45053,JASPER,SC,512700
45055,KERSHAW,SC,1715731
45057,LANCASTER,SC,2779724
45059,LAURENS,SC,3259584
45061,LEE,SC,466204
45063,LEXINGTON,SC,8131564
45065,MCCORMICK,SC,141981
45067,MARION,SC,1503297
45069,MARLBORO,SC,1273608
45071,NEWBERRY,SC,1272566
45073,OCONEE,SC,5761250
45075,ORANGEBURG,SC,2986893
45077,PICKENS,SC,6137406
45079,RICHLAND,SC,8084725
45081,SALUDA,SC,252950
45083,SPARTANBURG,SC,18102555
45085,SUMTER,SC,2634754
45087,UNION,SC,1814123
45089,WILLIAMSBURG,SC,891696
45091,YORK,SC,5374944
46005,BEADLE,SD,314283
46007,BENNETT,SD,41609
46009,BON HOMME,SD,93094
46011,BROOKINGS,SD,434290
46013,BROWN,SD,697344
46015,BRULE,SD,105829
46019,BUTTE,SD,118686
46023,CHARLES MIX,SD,104571
46025,CLARK,SD,24071
46027,CLAY,SD,164340
46029,CODINGTON,SD,706849
46031,CORSON,SD,30
46033,CUSTER,SD,170514
46035,DAVISON,SD,501404
46037,DAY,SD,101356
46039,DEUEL,SD,42369
46041,DEWEY,SD,4000
46043,DOUGLAS,SD,49054
46045,EDMUNDS,SD,35847
46047,FALL RIVER,SD,228307
46049,FAULK,SD,41657
46051,GRANT,SD,116414
46053,GREGORY,SD,118877
46055,HAAKON,SD,48514
46059,HAND,SD,54571
46065,HUGHES,SD,531042
46067,HUTCHINSON,SD,145360
46073,JERAULD,SD,51643
46077,KINGSBURY,SD,77873
46079,LAKE,SD,167019
46081,LAWRENCE,SD,673054
46083,LINCOLN,SD,384417
46085,LYMAN,SD,28025
46087,MCCOOK,SD,49529
46089,MCPHERSON,SD,22589
46091,MARSHALL,SD,75193
46093,MEADE,SD,231356
46095,MELLETTE,SD,78186
46097,MINER,SD,16774
46099,MINNEHAHA,SD,5213336
46101,MOODY,SD,34551
46103,PENNINGTON,SD,2591076
46105,PERKINS,SD,48457
46107,POTTER,SD,100229
46109,ROBERTS,SD,104280
46115,SPINK,SD,93571
46117,STANLEY,SD,41306
46123,TRIPP,SD,203371
46125,TURNER,SD,102766
46127,UNION,SD,332851
46129,WALWORTH,SD,145829
46135,YANKTON,SD,642881
47001,ANDERSON,TN,6085873
47003,BEDFORD,TN,2011673
47005,BENTON,TN,1554336
47007,BLEDSOE,TN,637481
47009,BLOUNT,TN,6536934
47011,BRADLEY,TN,7727003
47013,CAMPBELL,TN,3896766
47015,CANNON,TN,1015987
47017,CARROLL,TN,2859068
47019,CARTER,TN,3218581
47021,CHEATHAM,TN,1677147
47023,CHESTER,TN,667623
47025,CLAIBORNE,TN,3607643
47027,CLAY,TN,832902
47029,COCKE,TN,3397490
47031,COFFEE,TN,4268005
47033,CROCKETT,TN,464580
47035,CUMBERLAND,TN,3886329
47037,DAVIDSON,TN,30126266
47039,DECATUR,TN,1594090
47041,DEKALB,TN,1808466
47043,DICKSON,TN,2826139
47045,DYER,TN,2708498
47047,FAYETTE,TN,982997
47049,FENTRESS,TN,2339511
47051,FRANKLIN,TN,2615389
47053,GIBSON,TN,2545119
47055,GILES,TN,1885069
47057,GRAINGER,TN,1164981
47059,GREENE,TN,4370049
47061,GRUNDY,TN,1880774
47063,HAMBLEN,TN,8550491
47065,HAMILTON,TN,20278528
47067,HANCOCK,TN,380759
47069,HARDEMAN,TN,938496
47071,HARDIN,TN,1818472
47073,HAWKINS,TN,3313811
47075,HAYWOOD,TN,365501
47077,HENDERSON,TN,1314849
47079,HENRY,TN,2855396
47081,HICKMAN,TN,684999
47083,HOUSTON,TN,399540
47085,HUMPHREYS,TN,923581
47087,JACKSON,TN,538126
47089,JEFFERSON,TN,3371696
47091,JOHNSON,TN,1157029
47093,KNOX,TN,30374450
47095,LAKE,TN,306277
47097,LAUDERDALE,TN,1203699
47099,LAWRENCE,TN,2840809
47101,LEWIS,TN,782269
47103,LINCOLN,TN,1741741
47105,LOUDON,TN,2550410
47107,MCMINN,TN,3920257
47109,MCNAIRY,TN,1765704
47111,MACON,TN,1190993
47113,MADISON,TN,4788290
47115,MARION,TN,1628730
47117,MARSHALL,TN,2309877
47119,MAURY,TN,4492509
47121,MEIGS,TN,375993
47123,MONROE,TN,2845709
47125,MONTGOMERY,TN,6329056
47127,MOORE,TN,52111
47129,MORGAN,TN,1528123
47131,OBION,TN,1491530
47133,OVERTON,TN,1355256
47135,PERRY,TN,472287
47137,PICKETT,TN,419809
47139,POLK,TN,1671131
47141,PUTNAM,TN,5000652
47143,RHEA,TN,2568552
47145,ROANE,TN,5678301
47147,ROBERTSON,TN,3940899
47149,RUTHERFORD,TN,16819040
47151,SCOTT,TN,2080846
47153,SEQUATCHIE,TN,1464501
47155,SEVIER,TN,5220919
47157,SHELBY,TN,22490267
47159,SMITH,TN,2467020
47161,STEWART,TN,397437
47163,SULLIVAN,TN,15433490
47165,SUMNER,TN,7070542
47167,TIPTON,TN,1865336
47169,TROUSDALE,TN,849600
47171,UNICOI,TN,1600170
47173,UNION,TN,1248659
47175,VAN BUREN,TN,127800
47177,WARREN,TN,3691913
47179,WASHINGTON,TN,8456686
47181,WAYNE,TN,1432950
47183,WEAKLEY,TN,2047354
47185,WHITE,TN,1542073
47187,WILLIAMSON,TN,6747529
47189,WILSON,TN,5277950
48001,ANDERSON,TX,2408704
48003,ANDREWS,TX,348136
48005,ANGELINA,TX,4092719
48007,ARANSAS,TX,1042839
48009,ARCHER,TX,150
48011,ARMSTRONG,TX,16661
48013,ATASCOSA,TX,2118613
48015,AUSTIN,TX,763279
48017,BAILEY,TX,140401
48019,BANDERA,TX,392177
48021,BASTROP,TX,2054847
48023,BAYLOR,TX,126973
48025,BEE,TX,853197
48027,BELL,TX,7206238
48029,BEXAR,TX,46677948
48031,BLANCO,TX,145666
48035,BOSQUE,TX,399866
48037,BOWIE,TX,4888955
48039,BRAZORIA,TX,9620521
48041,BRAZOS,TX,4052295
48043,BREWSTER,TX,348603
48047,BROOKS,TX,180134
48049,BROWN,TX,2529057
48051,BURLESON,TX,345846
48053,BURNET,TX,1845840
48055,CALDWELL,TX,648843
48057,CALHOUN,TX,1019060
48059,CALLAHAN,TX,144919
48061,CAMERON,TX,4778988
48063,CAMP,TX,407889
48065,CARSON,TX,63347
48067,CASS,TX,1650379
48069,CASTRO,TX,127114
48071,CHAMBERS,TX,376400
48073,CHEROKEE,TX,1680303
48075,CHILDRESS,TX,532203
48077,CLAY,TX,198196
48079,COCHRAN,TX,18500
48083,COLEMAN,TX,139814
48085,COLLIN,TX,17844762
48089,COLORADO,TX,400377
48091,COMAL,TX,3484311
48093,COMANCHE,TX,460831
48095,CONCHO,TX,23930
48097,COOKE,TX,1657441
48099,CORYELL,TX,1596821
48103,CRANE,TX,98216
48105,CROCKETT,TX,50743
48107,CROSBY,TX,137874
48109,CULBERSON,TX,700
48111,DALLAM,TX,187409
48113,DALLAS,TX,65879678
48115,DAWSON,TX,287321
48117,DEAF SMITH,TX,414931
48119,DELTA,TX,98024
48121,DENTON,TX,17099445
48123,DE WITT,TX,873050
48125,DICKENS,TX,51771
48127,DIMMIT,TX,337734
48129,DONLEY,TX,96904
48131,DUVAL,TX,83253
48133,EASTLAND,TX,1001886
48135,ECTOR,TX,5689601
48137,EDWARDS,TX,2886
48139,ELLIS,TX,4270936
48141,EL PASO,TX,12275091
48143,ERATH,TX,1297260
48145,FALLS,TX,588401
48147,FANNIN,TX,1108219
48149,FAYETTE,TX,788389
48151,FISHER,TX,90646
48153,FLOYD,TX,109039
48155,FOARD,TX,25214
48157,FORT BEND,TX,14723873
48159,FRANKLIN,TX,332893
48161,FREESTONE,TX,434463
48163,FRIO,TX,319131
48165,GAINES,TX,410011
48167,GALVESTON,TX,11690395
48169,GARZA,TX,97127
48171,GILLESPIE,TX,775644
48175,GOLIAD,TX,94066
48177,GONZALES,TX,419436
48179,GRAY,TX,849874
48181,GRAYSON,TX,7355787
48183,GREGG,TX,8159801
48185,GRIMES,TX,295003
48187,GUADALUPE,TX,2865707
48189,HALE,TX,795411
48191,HALL,TX,91823
48193,HAMILTON,TX,504736
48195,HANSFORD,TX,56324
48197,HARDEMAN,TX,92586
48199,HARDIN,TX,2000916
48201,HARRIS,TX,151593798
48203,HARRISON,TX,2045569
48207,HASKELL,TX,282144
48209,HAYS,TX,3490879
48211,HEMPHILL,TX,79877
48213,HENDERSON,TX,3256754
48215,HIDALGO,TX,7209504
48217,HILL,TX,1534179
48219,HOCKLEY,TX,694389
48221,HOOD,TX,2344731
48223,HOPKINS,TX,2341640
48225,HOUSTON,TX,768960
48227,HOWARD,TX,1307849
48231,HUNT,TX,4021280
48233,HUTCHINSON,TX,742083
48237,JACK,TX,224864
48239,JACKSON,TX,304757
48241,JASPER,TX,2287933
48245,JEFFERSON,TX,10903063
48247,JIM HOGG,TX,61427
48249,JIM WELLS,TX,1733299
48251,JOHNSON,TX,6226564
48253,JONES,TX,404277
48255,KARNES,TX,439319
48257,KAUFMAN,TX,4171896
48259,KENDALL,TX,1174966
48265,KERR,TX,2100582
48267,KIMBLE,TX,175419
48271,KINNEY,TX,41487
48273,KLEBERG,TX,719154
48275,KNOX,TX,117224
48277,LAMAR,TX,2817343
48279,LAMB,TX,390699
48281,LAMPASAS,TX,510026
48283,LA SALLE,TX,120043
48285,LAVACA,TX,651549
48287,LEE,TX,356226
48289,LEON,TX,348481
48291,LIBERTY,TX,4911554
48293,LIMESTONE,TX,1143653
48295,LIPSCOMB,TX,10700
48297,LIVE OAK,TX,162823
48299,LLANO,TX,800999
48303,LUBBOCK,TX,11085126
48305,LYNN,TX,48246
48307,MCCULLOCH,TX,375104
48309,MCLENNAN,TX,8019597
48313,MADISON,TX,474890
48315,MARION,TX,141431
48317,MARTIN,TX,80616
48319,MASON,TX,89220
48321,MATAGORDA,TX,1450753
48323,MAVERICK,TX,583714
48325,MEDINA,TX,738591
48327,MENARD,TX,35771
48329,MIDLAND,TX,4234293
48331,MILAM,TX,983830
48333,MILLS,TX,133147
48335,MITCHELL,TX,209367
48337,MONTAGUE,TX,1289376
48339,MONTGOMERY,TX,15750272
48341,MOORE,TX,391901
48343,MORRIS,TX,807361
48347,NACOGDOCHES,TX,2679346
48349,NAVARRO,TX,1519810
48351,NEWTON,TX,601720
48353,NOLAN,TX,722167
48355,NUECES,TX,11843731
48357,OCHILTREE,TX,220229
48359,OLDHAM,TX,250
48361,ORANGE,TX,6041651
48363,PALO PINTO,TX,1831667
48365,PANOLA,TX,763916
48367,PARKER,TX,3358751
48369,PARMER,TX,110599
48371,PECOS,TX,338107
48373,POLK,TX,1991517
48375,POTTER,TX,4378394
48377,PRESIDIO,TX,100
48379,RAINS,TX,312591
48381,RANDALL,TX,3485181
48383,REAGAN,TX,36125
48385,REAL,TX,100
48387,RED RIVER,TX,310609
48389,REEVES,TX,391549
48391,REFUGIO,TX,169087
48395,ROBERTSON,TX,330171
48397,ROCKWALL,TX,2212350
48399,RUNNELS,TX,435699
48401,RUSK,TX,1441303
48403,SABINE,TX,369363
48405,SAN AUGUSTINE,TX,398016
48407,SAN JACINTO,TX,492959
48409,SAN PATRICIO,TX,2601996
48411,SAN SABA,TX,157466
48413,SCHLEICHER,TX,20
48415,SCURRY,TX,542260
48417,SHACKELFORD,TX,42694
48419,SHELBY,TX,1159240
48421,SHERMAN,TX,55114
48423,SMITH,TX,9798504
48425,SOMERVELL,TX,453746
48427,STARR,TX,483076
48429,STEPHENS,TX,560540
48431,STERLING,TX,30
48433,STONEWALL,TX,36914
48435,SUTTON,TX,92370
48437,SWISHER,TX,139537
48439,TARRANT,TX,62153519
48441,TAYLOR,TX,6041381
48445,TERRY,TX,458686
48447,THROCKMORTON,TX,28
48449,TITUS,TX,1463933
48451,TOM GREEN,TX,5741456
48453,TRAVIS,TX,25188686
48455,TRINITY,TX,743116
48457,TYLER,TX,625259
48459,UPSHUR,TX,869659
48461,UPTON,TX,52677
48463,UVALDE,TX,609474
48465,VAL VERDE,TX,575679
48467,VAN ZANDT,TX,2014595
48469,VICTORIA,TX,3771258
48471,WALKER,TX,1718027
48473,WALLER,TX,260106
48475,WARD,TX,334881
48477,WASHINGTON,TX,807215
48479,WEBB,TX,2303627
48481,WHARTON,TX,917971
48483,WHEELER,TX,167983
48485,WICHITA,TX,7294769
48487,WILBARGER,TX,1025701
48489,WILLACY,TX,382731
48491,WILLIAMSON,TX,12795519
48493,WILSON,TX,940775
48495,WINKLER,TX,311666
48497,WISE,TX,2025074
48499,WOOD,TX,2332422
48501,YOAKUM,TX,263666
48503,YOUNG,TX,1605819
48505,ZAPATA,TX,113254
48507,ZAVALA,TX,201004
49001,BEAVER,UT,246796
49003,BOX ELDER,UT,1849616
49005,CACHE,UT,2589389
49007,CARBON,UT,2156309
49011,DAVIS,UT,9424695
49013,DUCHESNE,UT,698814
49015,EMERY,UT,691964
49017,GARFIELD,UT,177943
49019,GRAND,UT,430771
49021,IRON,UT,1793367
49023,JUAB,UT,374319
49025,KANE,UT,441257
49027,MILLARD,UT,664774
49029,MORGAN,UT,130021
49033,RICH,UT,74077
49035,SALT LAKE,UT,40221101
49037,SAN JUAN,UT,361114
49039,SANPETE,UT,1083451
49041,SEVIER,UT,838576
49043,SUMMIT,UT,1011786
49045,TOOELE,UT,2275063
49047,UINTAH,UT,870610
49049,UTAH,UT,13790833
49051,WASATCH,UT,713744
49053,WASHINGTON,UT,6294483
49055,WAYNE,UT,111043
49057,WEBER,UT,10130515
50001,ADDISON,VT,833249
50003,BENNINGTON,VT,1149341
50005,CALEDONIA,VT,844793
50007,CHITTENDEN,VT,5004304
50009,ESSEX,VT,10029
50011,FRANKLIN,VT,1592529
50013,GRAND ISLE,VT,56016
50015,LAMOILLE,VT,732096
50017,ORANGE,VT,441551
50019,ORLEANS,VT,704859
50021,RUTLAND,VT,1639996
50023,WASHINGTON,VT,1770604
50025,WINDHAM,VT,1580011
50027,WINDSOR,VT,1271294
51001,ACCOMACK,VA,721996
51003,ALBEMARLE,VA,2441161
51005,ALLEGHANY,VA,478221
51007,AMELIA,VA,226387
51009,AMHERST,VA,803063
51011,APPOMATTOX,VA,634336
51013,ARLINGTON,VA,1784870
51015,AUGUSTA,VA,1505026
51017,BATH,VA,90377
51019,BEDFORD,VA,1182801
51021,BLAND,VA,259354
51023,BOTETOURT,VA,619577
51025,BRUNSWICK,VA,115463
51027,BUCHANAN,VA,2174151
51029,BUCKINGHAM,VA,451584
51031,CAMPBELL,VA,844841
51033,CAROLINE,VA,309149
51035,CARROLL,VA,630167
51037,CHARLOTTE,VA,307314
51041,CHESTERFIELD,VA,8887027
51043,CLARKE,VA,111543
51045,CRAIG,VA,155537
51047,CULPEPER,VA,1442884
51049,CUMBERLAND,VA,91236
51051,DICKENSON,VA,1942514
51053,DINWIDDIE,VA,114201
51057,ESSEX,VA,398993
51059,FAIRFAX,VA,14824009
51061,FAUQUIER,VA,2539685
51063,FLOYD,VA,403130
51065,FLUVANNA,VA,418011
51067,FRANKLIN,VA,2247534
51069,FREDERICK,VA,1666200
51071,GILES,VA,1447254
51073,GLOUCESTER,VA,1385231
51075,GOOCHLAND,VA,307670
51077,GRAYSON,VA,168950
51079,GREENE,VA,278987
51081,GREENSVILLE,VA,527471
51083,HALIFAX,VA,1145521
51085,HANOVER,VA,3530985
51087,HENRICO,VA,10156426
51089,HENRY,VA,2337563
51093,ISLE OF WIGHT,VA,854101
51095,JAMES CITY,VA,1943954
51099,KING GEORGE,VA,276649
51101,KING WILLIAM,VA,450894
51103,LANCASTER,VA,714347
51105,LEE,VA,2003144
51107,LOUDOUN,VA,4776247
51109,LOUISA,VA,786420
51111,LUNENBURG,VA,219296
51113,MADISON,VA,134014
51115,MATHEWS,VA,187321
51117,MECKLENBURG,VA,1269391
51119,MIDDLESEX,VA,258350
51121,MONTGOMERY,VA,3193294
51125,NELSON,VA,346914
51127,NEW KENT,VA,366497
51131,NORTHAMPTON,VA,547499
51133,NORTHUMBERLAND,VA,190439
51135,NOTTOWAY,VA,442787
51137,ORANGE,VA,1250447
51139,PAGE,VA,1167864
51141,PATRICK,VA,797369
51143,PITTSYLVANIA,VA,483767
51145,POWHATAN,VA,422194
51147,PRINCE EDWARD,VA,665120
51149,PRINCE GEORGE,VA,131879
51153,PRINCE WILLIAM,VA,7069283
51155,PULASKI,VA,2994776
51157,RAPPAHANNOCK,VA,46384
51159,RICHMOND,VA,133620
51161,ROANOKE,VA,3558453
51165,ROCKINGHAM,VA,1047483
51167,RUSSELL,VA,2422702
51169,SCOTT,VA,2373507
51171,SHENANDOAH,VA,1203371
51173,SMYTH,VA,2154413
51175,SOUTHAMPTON,VA,13814
51177,SPOTSYLVANIA,VA,3152306
51179,STAFFORD,VA,2885238
51181,SURRY,VA,19133
51183,SUSSEX,VA,164717
51185,TAZEWELL,VA,4492414
51187,WARREN,VA,1694345
51191,WASHINGTON,VA,3823544
51193,WESTMORELAND,VA,321237
51195,WISE,VA,4984017
51197,WYTHE,VA,1808677
51199,YORK,VA,1072306
51510,ALEXANDRIA CITY,VA,1807071
51520,BRISTOL,VA,1842293
51530,BUENA VISTA CITY,VA,293076
51540,CHARLOTTESVILLE CITY,VA,1626967
51550,CHESAPEAKE CITY,VA,5283961
51570,COLONIAL HEIGHTS CITY,VA,1626321
51580,COVINGTON CITY,VA,644527
51590,DANVILLE CITY,VA,2909878
51600,FAIRFAX CITY,VA,757751
51610,FALLS CHURCH CITY,VA,783513
51620,FRANKLIN CITY,VA,583210
51630,FREDERICKSBURG CITY,VA,1757951
51640,GALAX CITY,VA,1012244
51650,HAMPTON CITY,VA,3711010
51660,HARRISONBURG CITY,VA,2781446
51670,HOPEWELL CITY,VA,1161164
51678,LEXINGTON CITY,VA,764800
51680,LYNCHBURG CITY,VA,3922416
51683,MANASSAS CITY,VA,1570828
51690,MARTINSVILLE CITY,VA,3420949
51700,NEWPORT NEWS CITY,VA,4152590
51710,NORFOLK CITY,VA,4794014
51720,NORTON CITY,VA,1180501
51730,PETERSBURG CITY,VA,1463236
51735,POQUOSON CITY,VA,408651
51740,PORTSMOUTH CITY,VA,3793313
51750,RADFORD,VA,928707
51760,RICHMOND CITY,VA,4620183
51770,ROANOKE CITY,VA,5537204
51775,SALEM,VA,2323761
51790,STAUNTON CITY,VA,2133094
51800,SUFFOLK CITY,VA,1937293
51810,VIRGINIA BEACH CITY,VA,8708872
51820,WAYNESBORO CITY,VA,2321064
51840,WINCHESTER CITY,VA,2144704
53001,ADAMS,WA,505721
53003,ASOTIN,WA,1511721
53005,BENTON,WA,7099785
53007,CHELAN,WA,3035013
53009,CLALLAM,WA,5405437
53011,CLARK,WA,17104127
53013,COLUMBIA,WA,163773
53015,COWLITZ,WA,6577113
53017,DOUGLAS,WA,1107397
53019,FERRY,WA,294823
53021,FRANKLIN,WA,1946346
53023,GARFIELD,WA,136900
53025,GRANT,WA,3567720
53027,GRAYS HARBOR,WA,3827720
53029,ISLAND,WA,2122511
53031,JEFFERSON,WA,831004
53033,KING,WA,64713910
53035,KITSAP,WA,8785479
53037,KITTITAS,WA,1215626
53039,KLICKITAT,WA,371880
53041,LEWIS,WA,4677386
53043,LINCOLN,WA,475106
53045,MASON,WA,2356259
53047,OKANOGAN,WA,2089047
53049,PACIFIC,WA,1454364
53051,PEND OREILLE,WA,950841
53053,PIERCE,WA,30164427
53055,SAN JUAN,WA,493387
53057,SKAGIT,WA,5704330
53059,SKAMANIA,WA,334620
53061,SNOHOMISH,WA,31487942
53063,SPOKANE,WA,24740023
53065,STEVENS,WA,2613117
53067,THURSTON,WA,9003858
53069,WAHKIAKUM,WA,142929
53071,WALLA WALLA,WA,2577129
53073,WHATCOM,WA,6695280
53075,WHITMAN,WA,1135927
53077,YAKIMA,WA,8099277
54001,BARBOUR,WV,811464
54003,BERKELEY,WV,4518206
54005,BOONE,WV,2679991
54007,BRAXTON,WV,833777
54009,BROOKE,WV,1342311
54011,CABELL,WV,9316139
54013,CALHOUN,WV,165604
54015,CLAY,WV,334194
54017,DODDRIDGE,WV,137399
54019,FAYETTE,WV,2861706
54021,GILMER,WV,291037
54023,GRANT,WV,430696
54025,GREENBRIER,WV,3217203
54027,HAMPSHIRE,WV,753837
54029,HANCOCK,WV,2811759
54031,HARDY,WV,560243
54033,HARRISON,WV,5744943
54035,JACKSON,WV,1543819
54037,JEFFERSON,WV,2179663
54039,KANAWHA,WV,12901104
54041,LEWIS,WV,972773
54043,LINCOLN,WV,1282820
54045,LOGAN,WV,6512400
54047,MCDOWELL,WV,2174843
54049,MARION,WV,3159050
54051,MARSHALL,WV,2527556
54053,MASON,WV,2214603
54055,MERCER,WV,4479756
54057,MINERAL,WV,1170504
54059,MINGO,WV,5467090
54061,MONONGALIA,WV,3708554
54063,MONROE,WV,409767
54065,MORGAN,WV,728044
54067,NICHOLAS,WV,2594957
54069,OHIO,WV,2190297
54071,PENDLETON,WV,212816
54073,PLEASANTS,WV,424340
54075,POCAHONTAS,WV,407384
54077,PRESTON,WV,843584
54079,PUTNAM,WV,2787634
54081,RALEIGH,WV,7313989
54083,RANDOLPH,WV,1516777
54085,RITCHIE,WV,350653
54087,ROANE,WV,736671
54089,SUMMERS,WV,645049
54091,TAYLOR,WV,565813
54093,TUCKER,WV,121727
54095,TYLER,WV,319127
54097,UPSHUR,WV,798017
54099,WAYNE,WV,1961824
54101,WEBSTER,WV,416020
54103,WETZEL,WV,1135674
54105,WIRT,WV,115511
54107,WOOD,WV,5667143
54109,WYOMING,WV,2558769
55001,ADAMS,WI,521117
55003,ASHLAND,WI,652519
55005,BARRON,WI,1315158
55007,BAYFIELD,WI,63426
55009,BROWN,WI,6320351
55011,BUFFALO,WI,101191
55013,BURNETT,WI,474915
55015,CALUMET,WI,354864
55017,CHIPPEWA,WI,1541082
55019,CLARK,WI,361083
55021,COLUMBIA,WI,2836837
55023,CRAWFORD,WI,544899
55025,DANE,WI,15876268
55027,DODGE,WI,2055488
55029,DOOR,WI,828793
55031,DOUGLAS,WI,1901689
55033,DUNN,WI,742039
55035,EAU CLAIRE,WI,2740217
55039,FOND DU LAC,WI,2654656
55041,FOREST,WI,257800
55043,GRANT,WI,919086
55045,GREEN,WI,939827
55047,GREEN LAKE,WI,588163
55049,IOWA,WI,607353
55051,IRON,WI,157719
55053,JACKSON,WI,558124
55055,JEFFERSON,WI,2254324
55057,JUNEAU,WI,1256121
55059,KENOSHA,WI,5121751
55061,KEWAUNEE,WI,248603
55063,LA CROSSE,WI,4611886
55065,LAFAYETTE,WI,90357
55067,LANGLADE,WI,773107
55069,LINCOLN,WI,846813
55071,MANITOWOC,WI,2382451
55073,MARATHON,WI,2964379
55075,MARINETTE,WI,1864430
55077,MARQUETTE,WI,261226
55079,MILWAUKEE,WI,44317372
55081,MONROE,WI,1244199
55083,OCONTO,WI,719637
55085,ONEIDA,WI,1786086
55087,OUTAGAMIE,WI,4635929
55089,OZAUKEE,WI,2294896
55091,PEPIN,WI,133189
55093,PIERCE,WI,635619
55095,POLK,WI,1143261
55097,PORTAGE,WI,1443123
55099,PRICE,WI,440659
55101,RACINE,WI,7210552
55103,RICHLAND,WI,522463
55105,ROCK,WI,6479992
55107,RUSK,WI,337336
55109,SAINT CROIX,WI,1625632
55111,SAUK,WI,2780907
55113,SAWYER,WI,656226
55115,SHAWANO,WI,1076747
55117,SHEBOYGAN,WI,3305069
55119,TAYLOR,WI,369769
55121,TREMPEALEAU,WI,656753
55123,VERNON,WI,739641
55125,VILAS,WI,698383
55127,WALWORTH,WI,3150196
55129,WASHBURN,WI,576294
55131,WASHINGTON,WI,3955936
55133,WAUKESHA,WI,13224452
55135,WAUPACA,WI,1574187
55137,WAUSHARA,WI,367804
55139,WINNEBAGO,WI,4215043
55141,WOOD,WI,2515163
56001,ALBANY,WY,640813
56003,BIG HORN,WY,525134
56005,CAMPBELL,WY,1515500
56007,CARBON,WY,439384
56009,CONVERSE,WY,412386
56011,CROOK,WY,35729
56013,FREMONT,WY,1118176
56015,GOSHEN,WY,318296
56017,HOT SPRINGS,WY,250534
56019,JOHNSON,WY,177831
56021,LARAMIE,WY,2861383
56023,LINCOLN,WY,557563
56025,NATRONA,WY,2913949
56027,NIOBRARA,WY,60257
56029,PARK,WY,1477594
56031,PLATTE,WY,309523
56033,SHERIDAN,WY,1016844
56035,SUBLETTE,WY,207471
56037,SWEETWATER,WY,1289969
56039,TETON,WY,470444
56041,UINTA,WY,825421
56043,WASHAKIE,WY,443675
56045,WESTON,WY,228857
NA,NA,AE,330
NA,NA,CA,12600
NA,NA,CT,41533
NA,NA,FL,800
NA,NA,GA,51700
NA,NA,IA,2300
NA,NA,IN,39300
NA,NA,MA,114900
NA,NA,NV,125467
NA,NA,OH,5100
NA,NA,PR,9550
NA,ADJUNTAS,PR,69466
NA,AGUADA,PR,47160
NA,AGUADILLA,PR,212300
NA,AGUAS BUENAS,PR,26366
NA,AIBONITO,PR,180190
NA,ANASCO,PR,87151
NA,ARECIBO,PR,374396
NA,ARROYO,PR,26090
NA,BARCELONETA,PR,93594
NA,BARRANQUITAS,PR,72259
NA,BAYAMON,PR,705853
NA,CABO ROJO,PR,72043
NA,CAGUAS,PR,1162153
NA,CAMUY,PR,72516
NA,CANOVANAS,PR,76114
NA,CAROLINA,PR,476601
NA,CATANO,PR,29767
NA,CAYEY,PR,231314
NA,CEIBA,PR,23457
NA,CIALES,PR,26986
NA,CIDRA,PR,157437
NA,COAMO,PR,219059
NA,COMERIO,PR,81056
NA,COROZAL,PR,144986
NA,DORADO,PR,82841
NA,FAJARDO,PR,193547
NA,FLORIDA,PR,17743
NA,GUAM,GU,376764
NA,GUANICA,PR,14751
NA,GUAYAMA,PR,119927
NA,GUAYANILLA,PR,5557
NA,GUAYNABO,PR,261540
NA,GURABO,PR,76883
NA,HATILLO,PR,131349
NA,HORMIGUEROS,PR,69124
NA,HUMACAO,PR,291520
NA,ISABELA,PR,133630
NA,JAYUYA,PR,33236
NA,JUANA DIAZ,PR,131983
NA,JUNCOS,PR,187243
NA,LAJAS,PR,33550
NA,LARES,PR,64341
NA,LAS MARIAS,PR,15797
NA,LAS PIEDRAS,PR,43043
NA,LOIZA,PR,67074
NA,LUQUILLO,PR,42889
NA,MANATI,PR,264436
NA,MAUNABO,PR,26529
NA,MAYAGUEZ,PR,205794
NA,MOCA,PR,126389
NA,MONTGOMERY,AR,259127
NA,MOROVIS,PR,37100
NA,NAGUABO,PR,24871
NA,NARANJITO,PR,67483
NA,NORTHERN MARIANA ISLANDS,MP,169644
NA,OROCOVIS,PR,29999
NA,PALAU,PW,14525
NA,PATILLAS,PR,30790
NA,PENUELAS,PR,61396
NA,PONCE,PR,702633
NA,QUEBRADILLAS,PR,115690
NA,RINCON,PR,45477
NA,RIO GRANDE,PR,57651
NA,SABANA GRANDE,PR,81196
NA,SAINT CROIX,VI,267943
NA,SAINT JOHN,VI,25100
NA,SAINT THOMAS,VI,307327
NA,SALINAS,PR,203733
NA,SAN GERMAN,PR,129273
NA,SAN JUAN,PR,1697957
NA,SAN LORENZO,PR,117204
NA,SAN SEBASTIAN,PR,148101
NA,SANTA ISABEL,PR,83260
NA,TOA ALTA,PR,74946
NA,TOA BAJA,PR,226484
NA,TRUJILLO ALTO,PR,129879
NA,UTUADO,PR,83994
NA,VEGA ALTA,PR,138611
NA,VEGA BAJA,PR,166854
NA,VIEQUES,PR,18357
NA,VILLALBA,PR,40036
NA,YABUCOA,PR,115486
NA,YAUCO,PR,123551
